Temporada,Jugador,Equipo,Tot,Part,Med
2024,"COULIBALY, MARIAM ALOU",CLUB JOVENTUT BADALONA,41,2,"20,5"
2024,"FRASER, BRIANNA ASHAKI",CASADEMONT ZARAGOZA,39,2,"19,5"
2024,"DEMBELE, GNERE ALIMA",CLUB JOVENTUT BADALONA,36,2,18
2024,"AYUSO BAGUR, AINA",HOZONO GLOBAL JAIRIS,30,2,15
2024,"WHITTLE, MARENA JOSEPHINE",MOVISTAR ESTUDIANTES,29,2,"14,5"
2024,"KONE , SIKA",PERFUMERIAS AVENIDA,55,4,"13,75"
2024,"HRISTOVA, BORISLAVA",SPAR GIRONA,55,4,"13,75"
2024,"HEMPE, MERRIT RAMONA",CASADEMONT ZARAGOZA,68,5,"13,6"
2024,"CARTER, ARICA DERRIS",PERFUMERIAS AVENIDA,54,4,"13,5"
2024,"ALEXANDER, KAYLA JANINE",VALENCIA B.C.,64,5,"12,8"
2024,"CRUZ LEBRATO, ANNA",CLUB JOVENTUT BADALONA,25,2,"12,5"
2024,"TOPUZOVIC, KRISTINA",MOVISTAR ESTUDIANTES,12,1,12
2024,"CARRERA QUINTANA, RAQUEL",VALENCIA B.C.,58,5,"11,6"
2024,"MARTIN CARRION, IYANA",PERFUMERIAS AVENIDA,46,4,"11,5"
2024,"ORTIZ VIVES, MARIONA",CASADEMONT ZARAGOZA,57,5,"11,4"
2024,"ELDEBRINK, FRIDA",HOZONO GLOBAL JAIRIS,22,2,11
2024,"POSPÍŠILOVÁ, JULIE",BAXI FERROL,22,2,11
2024,"MILLAN MODIA, BLANCA",BAXI FERROL,21,2,"10,5"
2024,"FIEBICH, LEONIE",VALENCIA B.C.,52,5,"10,4"
2024,"MAWULI, STEPHANIE",CASADEMONT ZARAGOZA,51,5,"10,2"
2024,"HOLESINSKA, PETRA",HOZONO GLOBAL JAIRIS,20,2,10
2024,"GUERRERO ALCANTARA, CAROLINA",SPAR GIRONA,40,4,10
2024,"PIERRE LOUIS, VIONISE ARON'S",SPAR GIRONA,40,4,10
2024,"TURNER, YVONNE NICOLE",VALENCIA B.C.,48,5,"9,6"
2024,"LUNDQUIST, KLARA MARIA SUSSANE",SPAR GIRONA,37,4,"9,25"
2024,"CANELLA RODRIGUEZ, MARTA",SPAR GIRONA,37,4,"9,25"
2024,"TORRENS SALOM, ALBA",VALENCIA B.C.,46,5,"9,2"
2024,"MASSEY, BILLIE KIM",HOZONO GLOBAL JAIRIS,18,2,9
2024,"LÓPEZ-SÉNÉCHAL, LOU",HOZONO GLOBAL JAIRIS,18,2,9
2024,"SANCHEZ RAMOS PEREDA, ALBA",BAXI FERROL,18,2,9
2024,"NYSTROM, ELLEN ADINA",CASADEMONT ZARAGOZA,15,4,"3,75"
2024,"MESTRES RICART, GALA",BAXI FERROL,7,2,"3,5"
2024,"GRANDE PARDO, CARMEN",HOZONO GLOBAL JAIRIS,3,1,3
2024,"BURA, PATRICIA",MOVISTAR ESTUDIANTES,6,2,3
2024,"SALVADORES ALVAREZ, ANGELA",MOVISTAR ESTUDIANTES,6,2,3
2024,"VILARO ARAGONES, ANDREA",PERFUMERIAS AVENIDA,11,4,"2,75"
2024,"LATORRE ALCANTARA, ISABEL",MOVISTAR ESTUDIANTES,5,2,"2,5"
2024,"SARAVIA LOGROÑO, PAULA",MOVISTAR ESTUDIANTES,4,2,2
2024,"COTANO DE JUAN, REBECA",CLUB JOVENTUT BADALONA,4,2,2
2024,"DAVIS, JORI N.",BAXI FERROL,2,1,2
2024,"GINZO ARANTES, PAULA",HOZONO GLOBAL JAIRIS,4,2,2
2024,"JESPERSEN , MARIA STEEN",PERFUMERIAS AVENIDA,6,3,2
2024,"GELDOF, SERENA LYNN PETRA",CLUB JOVENTUT BADALONA,3,2,"1,5"
2024,"ALARCON OTERO, TXELL",HOZONO GLOBAL JAIRIS,3,2,"1,5"
2024,"FLOREZ GETINO, ALICIA",VALENCIA B.C.,7,5,"1,4"
2024,"LEKOVIC, MARIJA",PERFUMERIAS AVENIDA,2,2,1
2024,"VENNEMA, IRIS",CLUB JOVENTUT BADALONA,2,2,1
2024,"JANKOVIC, MASA",PERFUMERIAS AVENIDA,3,4,"0,75"
2024,"NYSTROM, ELLEN ADINA",CASADEMONT ZARAGOZA,15,4,"3,75"
2024,"MESTRES RICART, GALA",BAXI FERROL,7,2,"3,5"
2024,"GRANDE PARDO, CARMEN",HOZONO GLOBAL JAIRIS,3,1,3
2024,"BURA, PATRICIA",MOVISTAR ESTUDIANTES,6,2,3
2024,"SALVADORES ALVAREZ, ANGELA",MOVISTAR ESTUDIANTES,6,2,3
2024,"VILARO ARAGONES, ANDREA",PERFUMERIAS AVENIDA,11,4,"2,75"
2024,"LATORRE ALCANTARA, ISABEL",MOVISTAR ESTUDIANTES,5,2,"2,5"
2024,"SARAVIA LOGROÑO, PAULA",MOVISTAR ESTUDIANTES,4,2,2
2024,"COTANO DE JUAN, REBECA",CLUB JOVENTUT BADALONA,4,2,2
2024,"DAVIS, JORI N.",BAXI FERROL,2,1,2
2024,"GINZO ARANTES, PAULA",HOZONO GLOBAL JAIRIS,4,2,2
2024,"JESPERSEN , MARIA STEEN",PERFUMERIAS AVENIDA,6,3,2
2024,"GELDOF, SERENA LYNN PETRA",CLUB JOVENTUT BADALONA,3,2,"1,5"
2024,"ALARCON OTERO, TXELL",HOZONO GLOBAL JAIRIS,3,2,"1,5"
2024,"FLOREZ GETINO, ALICIA",VALENCIA B.C.,7,5,"1,4"
2024,"LEKOVIC, MARIJA",PERFUMERIAS AVENIDA,2,2,1
2024,"VENNEMA, IRIS",CLUB JOVENTUT BADALONA,2,2,1
2024,"JANKOVIC, MASA",PERFUMERIAS AVENIDA,3,4,"0,75"
2023,"ERAUNCETAMURGIL AYESTARAN, MARIA",VALENCIA B.C.,14,5,"2,8"
2023,"GULBE, ALEKSA",CASADEMONT ZARAGOZA,11,4,"2,75"
2023,"FEQUIERE, JESSICA",BAXI FERROL,5,2,"2,5"
2023,"WESTERIK, LAURA",IDK EUSKOTREN,5,2,"2,5"
2023,"HERMOSA MONREAL, NEREA",CASADEMONT ZARAGOZA,10,4,"2,5"
2023,"PARRA, FAUSTINE LAURE CLEMENCE",SPAR GIRONA,7,3,"2,33"
2023,"VILARO ARAGONES, ANDREA",PERFUMERIAS AVENIDA,14,6,"2,33"
2023,"TORRENS SALOM, ALBA",VALENCIA B.C.,9,4,"2,25"
2023,"GELDOF, SERENA LYNN PETRA",CASADEMONT ZARAGOZA,8,4,2
2023,"BUENAVIDA ESTEVEZ, ELENA",VALENCIA B.C.,10,6,"1,67"
2023,"RODRIGUEZ ARRIBAS, LUCIA",PERFUMERIAS AVENIDA,3,2,"1,5"
2023,"DIAZ CASTELLANO, YURENA",IDK EUSKOTREN,2,2,1
2023,"BETTENCOURT CORREIA, MARIA JOAO",HOZONO GLOBAL JAIRIS,2,2,1
2023,"KALIN, MARIANNE FANNY",BAXI FERROL,2,2,1
2023,"REMBISZEWSKA, AMALIA",HOZONO GLOBAL JAIRIS,2,2,1
2023,"MOLINA CONESA, CARMEN SOL",HOZONO GLOBAL JAIRIS,1,1,1
2023,"POINTER, KHAYLA NICOLE",CASADEMONT ZARAGOZA,1,3,"0,33"
2023,"ERAUNCETAMURGIL AYESTARAN, MARIA",VALENCIA B.C.,14,5,"2,8"
2023,"GULBE, ALEKSA",CASADEMONT ZARAGOZA,11,4,"2,75"
2023,"FEQUIERE, JESSICA",BAXI FERROL,5,2,"2,5"
2023,"WESTERIK, LAURA",IDK EUSKOTREN,5,2,"2,5"
2023,"HERMOSA MONREAL, NEREA",CASADEMONT ZARAGOZA,10,4,"2,5"
2023,"PARRA, FAUSTINE LAURE CLEMENCE",SPAR GIRONA,7,3,"2,33"
2023,"VILARO ARAGONES, ANDREA",PERFUMERIAS AVENIDA,14,6,"2,33"
2023,"TORRENS SALOM, ALBA",VALENCIA B.C.,9,4,"2,25"
2023,"GELDOF, SERENA LYNN PETRA",CASADEMONT ZARAGOZA,8,4,2
2023,"BUENAVIDA ESTEVEZ, ELENA",VALENCIA B.C.,10,6,"1,67"
2023,"RODRIGUEZ ARRIBAS, LUCIA",PERFUMERIAS AVENIDA,3,2,"1,5"
2023,"DIAZ CASTELLANO, YURENA",IDK EUSKOTREN,2,2,1
2023,"BETTENCOURT CORREIA, MARIA JOAO",HOZONO GLOBAL JAIRIS,2,2,1
2023,"KALIN, MARIANNE FANNY",BAXI FERROL,2,2,1
2023,"REMBISZEWSKA, AMALIA",HOZONO GLOBAL JAIRIS,2,2,1
2023,"MOLINA CONESA, CARMEN SOL",HOZONO GLOBAL JAIRIS,1,1,1
2023,"POINTER, KHAYLA NICOLE",CASADEMONT ZARAGOZA,1,3,"0,33"
2023,"ERAUNCETAMURGIL AYESTARAN, MARIA",VALENCIA B.C.,14,5,"2,8"
2023,"GULBE, ALEKSA",CASADEMONT ZARAGOZA,11,4,"2,75"
2023,"FEQUIERE, JESSICA",BAXI FERROL,5,2,"2,5"
2023,"WESTERIK, LAURA",IDK EUSKOTREN,5,2,"2,5"
2023,"HERMOSA MONREAL, NEREA",CASADEMONT ZARAGOZA,10,4,"2,5"
2023,"PARRA, FAUSTINE LAURE CLEMENCE",SPAR GIRONA,7,3,"2,33"
2023,"VILARO ARAGONES, ANDREA",PERFUMERIAS AVENIDA,14,6,"2,33"
2023,"TORRENS SALOM, ALBA",VALENCIA B.C.,9,4,"2,25"
2023,"GELDOF, SERENA LYNN PETRA",CASADEMONT ZARAGOZA,8,4,2
2023,"BUENAVIDA ESTEVEZ, ELENA",VALENCIA B.C.,10,6,"1,67"
2023,"RODRIGUEZ ARRIBAS, LUCIA",PERFUMERIAS AVENIDA,3,2,"1,5"
2023,"DIAZ CASTELLANO, YURENA",IDK EUSKOTREN,2,2,1
2023,"BETTENCOURT CORREIA, MARIA JOAO",HOZONO GLOBAL JAIRIS,2,2,1
2023,"KALIN, MARIANNE FANNY",BAXI FERROL,2,2,1
2023,"REMBISZEWSKA, AMALIA",HOZONO GLOBAL JAIRIS,2,2,1
2023,"MOLINA CONESA, CARMEN SOL",HOZONO GLOBAL JAIRIS,1,1,1
2023,"POINTER, KHAYLA NICOLE",CASADEMONT ZARAGOZA,1,3,"0,33"
2022,"GUERRERO ALCANTARA, CAROLINA",BARÇA CBS,13,4,"3,25"
2022,"GULBE, ALEKSA",PERFUMERIAS AVENIDA,16,5,"3,2"
2022,"PARRA, FAUSTINE LAURE CLEMENCE",SPAR GIRONA,6,2,3
2022,"BERMEJO ESCRIBANO, DEVA",BARÇA CBS,3,1,3
2022,"MASSEY, BECKY ERNA",MOVISTAR ESTUDIANTES,6,2,3
2022,"MURPHY, ESHAYA MARIE",SPAR GIRONA,3,1,3
2022,"GIMENO MARTINEZ, VEGA",CASADEMONT ZARAGOZA,10,4,"2,5"
2022,"RAMETTE, ELISE CLAUDINE",CADI LA SEU,5,2,"2,5"
2022,"PALENIKOVA, TEREZIA",SPAR GIRONA,5,2,"2,5"
2022,"FAM THIAM, AWA",VALENCIA B.C.,11,5,"2,2"
2022,"MUHATE PEÑA, CECILIA",SPAR GIRONA,4,2,2
2022,"RUEDA CHONI, JULIA MARIA",BARÇA CBS,8,4,2
2022,"ESPIN DE SANCHO, MARIA",MOVISTAR ESTUDIANTES,4,2,2
2022,"BURDICK, CASSIDIE CIERRA",VALENCIA B.C.,10,6,"1,67"
2022,"BURA, PATRICIA",LOINTEK GERNIKA BIZKAIA,3,2,"1,5"
2022,"FLORES COSTA, LAIA",SPAR GIRONA,2,2,1
2022,"BROTONS PASCUAL, MONTSERRAT",CADI LA SEU,2,2,1
2022,"GUERRERO ALCANTARA, CAROLINA",BARÇA CBS,13,4,"3,25"
2022,"GULBE, ALEKSA",PERFUMERIAS AVENIDA,16,5,"3,2"
2022,"PARRA, FAUSTINE LAURE CLEMENCE",SPAR GIRONA,6,2,3
2022,"BERMEJO ESCRIBANO, DEVA",BARÇA CBS,3,1,3
2022,"MASSEY, BECKY ERNA",MOVISTAR ESTUDIANTES,6,2,3
2022,"MURPHY, ESHAYA MARIE",SPAR GIRONA,3,1,3
2022,"GIMENO MARTINEZ, VEGA",CASADEMONT ZARAGOZA,10,4,"2,5"
2022,"RAMETTE, ELISE CLAUDINE",CADI LA SEU,5,2,"2,5"
2022,"PALENIKOVA, TEREZIA",SPAR GIRONA,5,2,"2,5"
2022,"FAM THIAM, AWA",VALENCIA B.C.,11,5,"2,2"
2022,"MUHATE PEÑA, CECILIA",SPAR GIRONA,4,2,2
2022,"RUEDA CHONI, JULIA MARIA",BARÇA CBS,8,4,2
2022,"ESPIN DE SANCHO, MARIA",MOVISTAR ESTUDIANTES,4,2,2
2022,"BURDICK, CASSIDIE CIERRA",VALENCIA B.C.,10,6,"1,67"
2022,"BURA, PATRICIA",LOINTEK GERNIKA BIZKAIA,3,2,"1,5"
2022,"FLORES COSTA, LAIA",SPAR GIRONA,2,2,1
2022,"BROTONS PASCUAL, MONTSERRAT",CADI LA SEU,2,2,1
2022,"GUERRERO ALCANTARA, CAROLINA",BARÇA CBS,13,4,"3,25"
2022,"GULBE, ALEKSA",PERFUMERIAS AVENIDA,16,5,"3,2"
2022,"PARRA, FAUSTINE LAURE CLEMENCE",SPAR GIRONA,6,2,3
2022,"BERMEJO ESCRIBANO, DEVA",BARÇA CBS,3,1,3
2022,"MASSEY, BECKY ERNA",MOVISTAR ESTUDIANTES,6,2,3
2022,"MURPHY, ESHAYA MARIE",SPAR GIRONA,3,1,3
2022,"GIMENO MARTINEZ, VEGA",CASADEMONT ZARAGOZA,10,4,"2,5"
2022,"RAMETTE, ELISE CLAUDINE",CADI LA SEU,5,2,"2,5"
2022,"PALENIKOVA, TEREZIA",SPAR GIRONA,5,2,"2,5"
2022,"FAM THIAM, AWA",VALENCIA B.C.,11,5,"2,2"
2022,"MUHATE PEÑA, CECILIA",SPAR GIRONA,4,2,2
2022,"RUEDA CHONI, JULIA MARIA",BARÇA CBS,8,4,2
2022,"ESPIN DE SANCHO, MARIA",MOVISTAR ESTUDIANTES,4,2,2
2022,"BURDICK, CASSIDIE CIERRA",VALENCIA B.C.,10,6,"1,67"
2022,"BURA, PATRICIA",LOINTEK GERNIKA BIZKAIA,3,2,"1,5"
2022,"FLORES COSTA, LAIA",SPAR GIRONA,2,2,1
2022,"BROTONS PASCUAL, MONTSERRAT",CADI LA SEU,2,2,1
2021,"ARROJO JIMENEZ, MARIA BELEN",LOINTEK GERNIKA BIZKAIA,6,2,3
2021,"FAM THIAM, AWA",VALENCIA B.C.,2,1,2
2021,"SARAVIA LOGROÑO, PAULA",MOVISTAR ESTUDIANTES,2,1,2
2021,"SORIANO CUESTA, CRISTINA",IDK EUSKOTREN,2,1,2
2021,"SEGURA MORENO, LORENA",VALENCIA B.C.,9,5,"1,8"
2021,"VILARO ARAGONES, ANDREA",PERFUMERIAS AVENIDA,10,6,"1,67"
2021,"BROTONS PASCUAL, MONTSERRAT",CADI LA SEU,4,3,"1,33"
2021,"SOLER RAMIÓ, JÚLIA",CADI LA SEU,4,4,1
2021,"PUJOL LLUCH, ARIADNA",CADI LA SEU,4,4,1
2021,"ESPAÑA ALMENDRO, MARIA",IDK EUSKOTREN,2,2,1
2021,"GERMAN VELASCO, ICIAR",VALENCIA B.C.,5,5,1
2021,"CONDE DURAN, ITSASO",MOVISTAR ESTUDIANTES,2,2,1
2021,"LO SYLLA, NOGAYE",PERFUMERIAS AVENIDA,2,3,"0,67"
2021,"DIAZ CASTELLANO, YURENA",IDK EUSKOTREN,1,2,"0,5"
2021,"ARROJO JIMENEZ, MARIA BELEN",LOINTEK GERNIKA BIZKAIA,6,2,3
2021,"FAM THIAM, AWA",VALENCIA B.C.,2,1,2
2021,"SARAVIA LOGROÑO, PAULA",MOVISTAR ESTUDIANTES,2,1,2
2021,"SORIANO CUESTA, CRISTINA",IDK EUSKOTREN,2,1,2
2021,"SEGURA MORENO, LORENA",VALENCIA B.C.,9,5,"1,8"
2021,"VILARO ARAGONES, ANDREA",PERFUMERIAS AVENIDA,10,6,"1,67"
2021,"BROTONS PASCUAL, MONTSERRAT",CADI LA SEU,4,3,"1,33"
2021,"SOLER RAMIÓ, JÚLIA",CADI LA SEU,4,4,1
2021,"PUJOL LLUCH, ARIADNA",CADI LA SEU,4,4,1
2021,"ESPAÑA ALMENDRO, MARIA",IDK EUSKOTREN,2,2,1
2021,"GERMAN VELASCO, ICIAR",VALENCIA B.C.,5,5,1
2021,"CONDE DURAN, ITSASO",MOVISTAR ESTUDIANTES,2,2,1
2021,"LO SYLLA, NOGAYE",PERFUMERIAS AVENIDA,2,3,"0,67"
2021,"DIAZ CASTELLANO, YURENA",IDK EUSKOTREN,1,2,"0,5"
2021,"ARROJO JIMENEZ, MARIA BELEN",LOINTEK GERNIKA BIZKAIA,6,2,3
2021,"FAM THIAM, AWA",VALENCIA B.C.,2,1,2
2021,"SARAVIA LOGROÑO, PAULA",MOVISTAR ESTUDIANTES,2,1,2
2021,"SORIANO CUESTA, CRISTINA",IDK EUSKOTREN,2,1,2
2021,"SEGURA MORENO, LORENA",VALENCIA B.C.,9,5,"1,8"
2021,"VILARO ARAGONES, ANDREA",PERFUMERIAS AVENIDA,10,6,"1,67"
2021,"BROTONS PASCUAL, MONTSERRAT",CADI LA SEU,4,3,"1,33"
2021,"SOLER RAMIÓ, JÚLIA",CADI LA SEU,4,4,1
2021,"PUJOL LLUCH, ARIADNA",CADI LA SEU,4,4,1
2021,"ESPAÑA ALMENDRO, MARIA",IDK EUSKOTREN,2,2,1
2021,"GERMAN VELASCO, ICIAR",VALENCIA B.C.,5,5,1
2021,"CONDE DURAN, ITSASO",MOVISTAR ESTUDIANTES,2,2,1
2021,"LO SYLLA, NOGAYE",PERFUMERIAS AVENIDA,2,3,"0,67"
2021,"DIAZ CASTELLANO, YURENA",IDK EUSKOTREN,1,2,"0,5"
2020,"DIALLO DIENG , UMO DIALLO",PERFUMERIAS AVENIDA,12,3,4
2020,"OCETE CASTILLO, GABRIELA",CIUDAD DE LA LAGUNA TENERIFE,8,2,4
2020,"GINZO ARANTES, PAULA",LOINTEK GERNIKA BIZKAIA,16,4,4
2020,"PALAU ALTES, LAIA",SPAR GIRONA,14,4,"3,5"
2020,"HERRERA BOXO, LAURA",CIUDAD DE LA LAGUNA TENERIFE,6,2,3
2020,"KONE , SIKA",SPAR GRAN CANARIA,6,2,3
2020,"ARIZTIMUÑO LOPEZ , ITZIAR",LOINTEK GERNIKA BIZKAIA,12,4,3
2020,"GOMEZ IGUAL, ANNA",VALENCIA B.C.,20,7,"2,86"
2020,"ABDI, FARHIYA",CIUDAD DE LA LAGUNA TENERIFE,5,2,"2,5"
2020,"MONTENEGRO SANTANA, RITA ESTHER",CIUDAD DE LA LAGUNA TENERIFE,5,2,"2,5"
2020,"KOSTOURKOVA, MARIA IVANOVA",CIUDAD DE LA LAGUNA TENERIFE,4,2,2
2020,"SOLER RAMIÓ, JÚLIA",SPAR GIRONA,4,2,2
2020,"ALONSO DE ARMIÑO RIAÑO, GRACIA",MOVISTAR ESTUDIANTES,4,2,2
2020,"JUSKAITE, LAURA",VALENCIA B.C.,7,7,1
2020,"ALBERDI LARRUCEA, MARTA",LOINTEK GERNIKA BIZKAIA,2,2,1
2020,"SEGURA MORENO, LORENA",VALENCIA B.C.,2,2,1
2020,"FLORES COSTA, LAIA",SPAR GIRONA,2,2,1
2020,"IVANOVIC, MILICA",LOINTEK GERNIKA BIZKAIA,4,4,1
2020,"PINA TOLOSA, MARIA",VALENCIA B.C.,4,5,"0,8"
2020,"DIALLO DIENG , UMO DIALLO",PERFUMERIAS AVENIDA,12,3,4
2020,"OCETE CASTILLO, GABRIELA",CIUDAD DE LA LAGUNA TENERIFE,8,2,4
2020,"GINZO ARANTES, PAULA",LOINTEK GERNIKA BIZKAIA,16,4,4
2020,"PALAU ALTES, LAIA",SPAR GIRONA,14,4,"3,5"
2020,"HERRERA BOXO, LAURA",CIUDAD DE LA LAGUNA TENERIFE,6,2,3
2020,"KONE , SIKA",SPAR GRAN CANARIA,6,2,3
2020,"ARIZTIMUÑO LOPEZ , ITZIAR",LOINTEK GERNIKA BIZKAIA,12,4,3
2020,"GOMEZ IGUAL, ANNA",VALENCIA B.C.,20,7,"2,86"
2020,"ABDI, FARHIYA",CIUDAD DE LA LAGUNA TENERIFE,5,2,"2,5"
2020,"MONTENEGRO SANTANA, RITA ESTHER",CIUDAD DE LA LAGUNA TENERIFE,5,2,"2,5"
2020,"KOSTOURKOVA, MARIA IVANOVA",CIUDAD DE LA LAGUNA TENERIFE,4,2,2
2020,"SOLER RAMIÓ, JÚLIA",SPAR GIRONA,4,2,2
2020,"ALONSO DE ARMIÑO RIAÑO, GRACIA",MOVISTAR ESTUDIANTES,4,2,2
2020,"JUSKAITE, LAURA",VALENCIA B.C.,7,7,1
2020,"ALBERDI LARRUCEA, MARTA",LOINTEK GERNIKA BIZKAIA,2,2,1
2020,"SEGURA MORENO, LORENA",VALENCIA B.C.,2,2,1
2020,"FLORES COSTA, LAIA",SPAR GIRONA,2,2,1
2020,"IVANOVIC, MILICA",LOINTEK GERNIKA BIZKAIA,4,4,1
2020,"PINA TOLOSA, MARIA",VALENCIA B.C.,4,5,"0,8"
2020,"DIALLO DIENG , UMO DIALLO",PERFUMERIAS AVENIDA,12,3,4
2020,"OCETE CASTILLO, GABRIELA",CIUDAD DE LA LAGUNA TENERIFE,8,2,4
2020,"GINZO ARANTES, PAULA",LOINTEK GERNIKA BIZKAIA,16,4,4
2020,"PALAU ALTES, LAIA",SPAR GIRONA,14,4,"3,5"
2020,"HERRERA BOXO, LAURA",CIUDAD DE LA LAGUNA TENERIFE,6,2,3
2020,"KONE , SIKA",SPAR GRAN CANARIA,6,2,3
2020,"ARIZTIMUÑO LOPEZ , ITZIAR",LOINTEK GERNIKA BIZKAIA,12,4,3
2020,"GOMEZ IGUAL, ANNA",VALENCIA B.C.,20,7,"2,86"
2020,"ABDI, FARHIYA",CIUDAD DE LA LAGUNA TENERIFE,5,2,"2,5"
2020,"MONTENEGRO SANTANA, RITA ESTHER",CIUDAD DE LA LAGUNA TENERIFE,5,2,"2,5"
2020,"KOSTOURKOVA, MARIA IVANOVA",CIUDAD DE LA LAGUNA TENERIFE,4,2,2
2020,"SOLER RAMIÓ, JÚLIA",SPAR GIRONA,4,2,2
2020,"ALONSO DE ARMIÑO RIAÑO, GRACIA",MOVISTAR ESTUDIANTES,4,2,2
2020,"JUSKAITE, LAURA",VALENCIA B.C.,7,7,1
2020,"ALBERDI LARRUCEA, MARTA",LOINTEK GERNIKA BIZKAIA,2,2,1
2020,"SEGURA MORENO, LORENA",VALENCIA B.C.,2,2,1
2020,"FLORES COSTA, LAIA",SPAR GIRONA,2,2,1
2020,"IVANOVIC, MILICA",LOINTEK GERNIKA BIZKAIA,4,4,1
2020,"PINA TOLOSA, MARIA",VALENCIA B.C.,4,5,"0,8"
2019,"VAN DEN ADEL, NATALIE ISABELLE",RPK ARASKI,4,2,2
2019,"SANCHEZ MARRUFO, BEATRIZ",DURÁN MAQUINARIA ENSINO,2,1,2
2019,"DIEZ FERNANDEZ, NAIARA",LOINTEK GERNIKA BIZKAIA,2,1,2
2019,"MARTINEZ PRAT, NURIA",SPAR CITYLIFT GIRONA,4,3,"1,33"
2019,"VITOLA, KRISTINE",PERFUMERIAS AVENIDA,4,3,"1,33"
2019,"ARIZTIMUÑO LOPEZ , ITZIAR",LOINTEK GERNIKA BIZKAIA,1,1,1
2019,"VAN DEN ADEL, NATALIE ISABELLE",RPK ARASKI,4,2,2
2019,"SANCHEZ MARRUFO, BEATRIZ",DURÁN MAQUINARIA ENSINO,2,1,2
2019,"DIEZ FERNANDEZ, NAIARA",LOINTEK GERNIKA BIZKAIA,2,1,2
2019,"MARTINEZ PRAT, NURIA",SPAR CITYLIFT GIRONA,4,3,"1,33"
2019,"VITOLA, KRISTINE",PERFUMERIAS AVENIDA,4,3,"1,33"
2019,"ARIZTIMUÑO LOPEZ , ITZIAR",LOINTEK GERNIKA BIZKAIA,1,1,1
2019,"VAN DEN ADEL, NATALIE ISABELLE",RPK ARASKI,4,2,2
2019,"SANCHEZ MARRUFO, BEATRIZ",DURÁN MAQUINARIA ENSINO,2,1,2
2019,"DIEZ FERNANDEZ, NAIARA",LOINTEK GERNIKA BIZKAIA,2,1,2
2019,"MARTINEZ PRAT, NURIA",SPAR CITYLIFT GIRONA,4,3,"1,33"
2019,"VITOLA, KRISTINE",PERFUMERIAS AVENIDA,4,3,"1,33"
2019,"ARIZTIMUÑO LOPEZ , ITZIAR",LOINTEK GERNIKA BIZKAIA,1,1,1
2018,"OMA GIRALT, HELENA",SPAR CITYLIFT GIRONA,20,6,"3,33"
2018,"ASURMENDI VILLAVERDE, MARIA DEL CARMEN",PERFUMERIAS AVENIDA,17,6,"2,83"
2018,"SANCHEZ MARRUFO, BEATRIZ",SPAR CITYLIFT GIRONA,14,5,"2,8"
2018,"ADURIZ HERNANI, ONINTZA",IDK GIPUZKOA,8,3,"2,67"
2018,"PARDO HERVIAS, LAURA",RPK ARASKI,4,2,2
2018,"BROWN , BRITTANY DANIELLE",MANN-FILTER CASABLANCA,2,1,2
2018,"AIJANEN, MARIA ANNIINA",CADI LA SEU,8,4,2
2018,"ERAUNCETAMURGIL AYESTARAN, MARIA",IDK GIPUZKOA,6,3,2
2018,"MURUA TXINTXURRETA, IRENE",RPK ARASKI,2,1,2
2018,"MAZIONYTE, GINTARE",LOINTEK GERNIKA BIZKAIA,5,3,"1,67"
2018,"ESTEBAS ARMAS, PAULA",RPK ARASKI,3,2,"1,5"
2018,"ARIZTIMUÑO LOPEZ , ITZIAR",LOINTEK GERNIKA BIZKAIA,2,2,1
2018,"ARROJO JIMENEZ, MARIA BELEN",PERFUMERIAS AVENIDA,4,4,1
2018,"OMA GIRALT, HELENA",SPAR CITYLIFT GIRONA,20,6,"3,33"
2018,"ASURMENDI VILLAVERDE, MARIA DEL CARMEN",PERFUMERIAS AVENIDA,17,6,"2,83"
2018,"SANCHEZ MARRUFO, BEATRIZ",SPAR CITYLIFT GIRONA,14,5,"2,8"
2018,"ADURIZ HERNANI, ONINTZA",IDK GIPUZKOA,8,3,"2,67"
2018,"PARDO HERVIAS, LAURA",RPK ARASKI,4,2,2
2018,"BROWN , BRITTANY DANIELLE",MANN-FILTER CASABLANCA,2,1,2
2018,"AIJANEN, MARIA ANNIINA",CADI LA SEU,8,4,2
2018,"ERAUNCETAMURGIL AYESTARAN, MARIA",IDK GIPUZKOA,6,3,2
2018,"MURUA TXINTXURRETA, IRENE",RPK ARASKI,2,1,2
2018,"MAZIONYTE, GINTARE",LOINTEK GERNIKA BIZKAIA,5,3,"1,67"
2018,"ESTEBAS ARMAS, PAULA",RPK ARASKI,3,2,"1,5"
2018,"ARIZTIMUÑO LOPEZ , ITZIAR",LOINTEK GERNIKA BIZKAIA,2,2,1
2018,"ARROJO JIMENEZ, MARIA BELEN",PERFUMERIAS AVENIDA,4,4,1
2018,"OMA GIRALT, HELENA",SPAR CITYLIFT GIRONA,20,6,"3,33"
2018,"ASURMENDI VILLAVERDE, MARIA DEL CARMEN",PERFUMERIAS AVENIDA,17,6,"2,83"
2018,"SANCHEZ MARRUFO, BEATRIZ",SPAR CITYLIFT GIRONA,14,5,"2,8"
2018,"ADURIZ HERNANI, ONINTZA",IDK GIPUZKOA,8,3,"2,67"
2018,"PARDO HERVIAS, LAURA",RPK ARASKI,4,2,2
2018,"BROWN , BRITTANY DANIELLE",MANN-FILTER CASABLANCA,2,1,2
2018,"AIJANEN, MARIA ANNIINA",CADI LA SEU,8,4,2
2018,"ERAUNCETAMURGIL AYESTARAN, MARIA",IDK GIPUZKOA,6,3,2
2018,"MURUA TXINTXURRETA, IRENE",RPK ARASKI,2,1,2
2018,"MAZIONYTE, GINTARE",LOINTEK GERNIKA BIZKAIA,5,3,"1,67"
2018,"ESTEBAS ARMAS, PAULA",RPK ARASKI,3,2,"1,5"
2018,"ARIZTIMUÑO LOPEZ , ITZIAR",LOINTEK GERNIKA BIZKAIA,2,2,1
2018,"ARROJO JIMENEZ, MARIA BELEN",PERFUMERIAS AVENIDA,4,4,1
2017,"LOPEZ RODRIGUEZ, AINHOA",QUESOS EL PASTOR,200,26,"7,69"
2017,"CONDE ALCOLADO, MARIA",SPAR CITYLIFT GIRONA,199,26,"7,65"
2017,"QUEVEDO CAÑIZARES, LAURA",NISSAN  AL-QÁZERES EXTREMADURA,99,13,"7,62"
2017,"GOMEZ IGUAL, ANNA",LOINTEK GERNIKA BIZKAIA,189,25,"7,56"
2017,"MESTDAGH, KIM",PERFUMERIAS AVENIDA,119,16,"7,44"
2017,"HALL , PRECIOUS TANZIE KYTRONIA",CAMPUS PROMETE LF1,147,20,"7,35"
2017,"GUSTAVSSON , ELIN JELENA",EMBUTIDOS PAJARIEL BEMBIBRE PD,188,26,"7,23"
2017,"LUCAS , ITALEE MALINA",IDK GIPUZKOA,94,13,"7,23"
2017,"RAKOVIC , KRISTINA",EMBUTIDOS PAJARIEL BEMBIBRE PD,188,26,"7,23"
2017,"GIL COLLADO, LAURA",PERFUMERIAS AVENIDA,131,19,"6,89"
2017,"BUCH ROSELL, ROSO",SPAR CITYLIFT GIRONA,176,26,"6,77"
2017,"FORASTE GALOBARDES, MIRIAM",NISSAN  AL-QÁZERES EXTREMADURA,169,26,"6,5"
2017,"VILARO ARAGONES, ANDREA",CADI LA SEU,159,25,"6,36"
2017,"DIALLO DIENG , UMO DIALLO",LACTURALE ART ARASKI,158,26,"6,08"
2017,"ESTEBAS ARMAS, PAULA",CAMPUS PROMETE LF1,155,26,"5,96"
2017,"AGIRRE MUÑOZ, ARRATE",LACTURALE ART ARASKI,136,23,"5,91"
2017,"BAHI BLANQUERA, GEORGINA",CADI LA SEU,109,19,"5,74"
2017,"NICHOLLS GONZALEZ, LAURA",PERFUMERIAS AVENIDA,134,24,"5,58"
2017,"OMA GIRALT, HELENA",CADI LA SEU,88,16,"5,5"
2017,"ASURMENDI VILLAVERDE, MARIA DEL CARMEN",PERFUMERIAS AVENIDA,134,25,"5,36"
2017,"NYSTROM, ELLEN ADINA",IDK GIPUZKOA,138,26,"5,31"
2017,"PASCUA SUAREZ, MARÍA LUCILA",MANN-FILTER,136,26,"5,23"
2017,"QUIRANTE MARTINEZ, ALEJANDRA",MOVISTAR ESTUDIANTES,134,26,"5,15"
2017,"LO SYLLA, NOGAYE",CADI LA SEU,127,25,"5,08"
2017,"ETXARRI MUNARRIZ, IRATI",LACTURALE ART ARASKI,128,26,"4,92"
2017,"ALDALUR SOTO, ANE MIREN",LACTURALE ART ARASKI,127,26,"4,88"
2017,"PEÑA JUBANY, LAURA",SNATT´S FEMENÍ SANT ADRIÁ,125,26,"4,81"
2017,"SAN ROMAN FLORES, IRENE",MOVISTAR ESTUDIANTES,124,26,"4,77"
2017,"RAMOS DO NASCIMENTO, CARLA MARISA",NISSAN  AL-QÁZERES EXTREMADURA,90,19,"4,74"
2017,"MONTOLIU MATIAS, MARTA",CADI LA SEU,123,26,"4,73"
2017,"LOPEZ RODRIGUEZ, AINHOA",QUESOS EL PASTOR,200,26,"7,69"
2017,"CONDE ALCOLADO, MARIA",SPAR CITYLIFT GIRONA,199,26,"7,65"
2017,"QUEVEDO CAÑIZARES, LAURA",NISSAN  AL-QÁZERES EXTREMADURA,99,13,"7,62"
2017,"GOMEZ IGUAL, ANNA",LOINTEK GERNIKA BIZKAIA,189,25,"7,56"
2017,"MESTDAGH, KIM",PERFUMERIAS AVENIDA,119,16,"7,44"
2017,"HALL , PRECIOUS TANZIE KYTRONIA",CAMPUS PROMETE LF1,147,20,"7,35"
2017,"GUSTAVSSON , ELIN JELENA",EMBUTIDOS PAJARIEL BEMBIBRE PD,188,26,"7,23"
2017,"LUCAS , ITALEE MALINA",IDK GIPUZKOA,94,13,"7,23"
2017,"RAKOVIC , KRISTINA",EMBUTIDOS PAJARIEL BEMBIBRE PD,188,26,"7,23"
2017,"GIL COLLADO, LAURA",PERFUMERIAS AVENIDA,131,19,"6,89"
2017,"BUCH ROSELL, ROSO",SPAR CITYLIFT GIRONA,176,26,"6,77"
2017,"FORASTE GALOBARDES, MIRIAM",NISSAN  AL-QÁZERES EXTREMADURA,169,26,"6,5"
2017,"VILARO ARAGONES, ANDREA",CADI LA SEU,159,25,"6,36"
2017,"DIALLO DIENG , UMO DIALLO",LACTURALE ART ARASKI,158,26,"6,08"
2017,"ESTEBAS ARMAS, PAULA",CAMPUS PROMETE LF1,155,26,"5,96"
2017,"AGIRRE MUÑOZ, ARRATE",LACTURALE ART ARASKI,136,23,"5,91"
2017,"BAHI BLANQUERA, GEORGINA",CADI LA SEU,109,19,"5,74"
2017,"NICHOLLS GONZALEZ, LAURA",PERFUMERIAS AVENIDA,134,24,"5,58"
2017,"OMA GIRALT, HELENA",CADI LA SEU,88,16,"5,5"
2017,"ASURMENDI VILLAVERDE, MARIA DEL CARMEN",PERFUMERIAS AVENIDA,134,25,"5,36"
2017,"NYSTROM, ELLEN ADINA",IDK GIPUZKOA,138,26,"5,31"
2017,"PASCUA SUAREZ, MARÍA LUCILA",MANN-FILTER,136,26,"5,23"
2017,"QUIRANTE MARTINEZ, ALEJANDRA",MOVISTAR ESTUDIANTES,134,26,"5,15"
2017,"LO SYLLA, NOGAYE",CADI LA SEU,127,25,"5,08"
2017,"ETXARRI MUNARRIZ, IRATI",LACTURALE ART ARASKI,128,26,"4,92"
2017,"ALDALUR SOTO, ANE MIREN",LACTURALE ART ARASKI,127,26,"4,88"
2017,"PEÑA JUBANY, LAURA",SNATT´S FEMENÍ SANT ADRIÁ,125,26,"4,81"
2017,"SAN ROMAN FLORES, IRENE",MOVISTAR ESTUDIANTES,124,26,"4,77"
2017,"RAMOS DO NASCIMENTO, CARLA MARISA",NISSAN  AL-QÁZERES EXTREMADURA,90,19,"4,74"
2017,"MONTOLIU MATIAS, MARTA",CADI LA SEU,123,26,"4,73"
2017,"DOMINGUEZ FERNANDEZ, SILVIA",PERFUMERIAS AVENIDA,113,24,"4,71"
2017,"HURTADO OBIOLS, CRISTINA",SNATT´S FEMENÍ SANT ADRIÁ,108,23,"4,7"
2017,"LOPEZ VIVES, HELENA",SNATT´S FEMENÍ SANT ADRIÁ,122,26,"4,69"
2017,"CABRERA ARGUELLO, PATRICIA",STAR CENTER-UNI FERROL,121,26,"4,65"
2017,"GARCIA URLEZAGA, IZASKUN",LACTURALE ART ARASKI,115,25,"4,6"
2017,"ALMINAITE, KRISITINA",SPAR CITYLIFT GIRONA,118,26,"4,54"
2017,"MOLINA PRADOS MARTIN BURO, JUANA MARIA",LOINTEK GERNIKA BIZKAIA,110,25,"4,4"
2017,"GONZALEZ DUARTE , LARA",IDK GIPUZKOA,112,26,"4,31"
2017,"CLARET GILABERTE, MARTA",SNATT´S FEMENÍ SANT ADRIÁ,99,25,"3,96"
2017,"ADURIZ HERNANI, ONINTZA",IDK GIPUZKOA,103,26,"3,96"
2017,"DIEZ FERNANDEZ, NAIARA",LOINTEK GERNIKA BIZKAIA,99,26,"3,81"
2017,"PARDO HERVIAS, LAURA",LACTURALE ART ARASKI,79,22,"3,59"
2017,"SOLER SUAREZ, PATRICIA",MOVISTAR ESTUDIANTES,79,22,"3,59"
2017,"ALIAGA ROMERO, LAURA",EMBUTIDOS PAJARIEL BEMBIBRE PD,93,26,"3,58"
2017,"HERRERA BOXO, LAURA",CAMPUS PROMETE LF1,82,24,"3,42"
2017,"MAJSTOROVIC, ANJA",QUESOS EL PASTOR,75,22,"3,41"
2017,"LAZARO CASTILLERO, YAIZA",LOINTEK GERNIKA BIZKAIA,74,23,"3,22"
2017,"GARCIA PAUNERO, CELIA",QUESOS EL PASTOR,76,25,"3,04"
2017,"ROIG SOLER, LAURA",SPAR CITYLIFT GIRONA,47,16,"2,94"
2017,"IPARRAGUIRRE ALUSTIZA, SARA",IDK GIPUZKOA,52,20,"2,6"
2017,"CALVO DIAZ, ANA BEGOÑA",STAR CENTER-UNI FERROL,67,26,"2,58"
2017,"DELGADO PONTES, MARINA",STAR CENTER-UNI FERROL,66,26,"2,54"
2017,"LAHUERTA MENDOZA, IRENE",MANN-FILTER,65,26,"2,5"
2017,"MARTIN LLAVERIA, MARIONA",NISSAN  AL-QÁZERES EXTREMADURA,61,26,"2,35"
2017,"ASTROM , ELLEN LOVISA",EMBUTIDOS PAJARIEL BEMBIBRE PD,60,26,"2,31"
2017,"LLOBET CODERCH, ITZIAR",SNATT´S FEMENÍ SANT ADRIÁ,59,26,"2,27"
2017,"NDOYE, BINETA",EMBUTIDOS PAJARIEL BEMBIBRE PD,45,22,"2,05"
2017,"ARIZTIMUÑO LOPEZ , ITZIAR",LOINTEK GERNIKA BIZKAIA,39,22,"1,77"
2017,"KOVACEVIC, BOJANA",SNATT´S FEMENÍ SANT ADRIÁ,36,23,"1,57"
2017,"CORRALES BOHOYO, ELENA",NISSAN  AL-QÁZERES EXTREMADURA,38,26,"1,46"
2017,"ERAUNCETAMURGIL AYESTARAN, MARIA",IDK GIPUZKOA,29,20,"1,45"
2017,"MOLINUEVO GARCIA, CRISTINA",LACTURALE ART ARASKI,33,24,"1,38"
2017,"RODRIGUEZ DOMINGUEZ, NATALIA",STAR CENTER-UNI FERROL,29,21,"1,38"
2017,"ROMERO GARRIDO, MARÍA",NISSAN  AL-QÁZERES EXTREMADURA,21,16,"1,31"
2017,"RODRIGUEZ NUÑEZ, CLARA",MOVISTAR ESTUDIANTES,25,22,"1,14"
2017,"VELASCO MARTIN, LAURA",MOVISTAR ESTUDIANTES,17,18,"0,94"
2017,"ROMERO GARRIDO, SILVIA",NISSAN  AL-QÁZERES EXTREMADURA,10,18,"0,56"
2017,"ESPARCIA OMEDAS, CAROLINA",MANN-FILTER,8,19,"0,42"
2017,"ERAUNCETAMURGIL AYESTARAN, MARIA",IDK GIPUZKOA,29,20,"1,45"
2017,"MOLINUEVO GARCIA, CRISTINA",LACTURALE ART ARASKI,33,24,"1,38"
2017,"RODRIGUEZ DOMINGUEZ, NATALIA",STAR CENTER-UNI FERROL,29,21,"1,38"
2017,"ROMERO GARRIDO, MARÍA",NISSAN  AL-QÁZERES EXTREMADURA,21,16,"1,31"
2017,"RODRIGUEZ NUÑEZ, CLARA",MOVISTAR ESTUDIANTES,25,22,"1,14"
2017,"VELASCO MARTIN, LAURA",MOVISTAR ESTUDIANTES,17,18,"0,94"
2017,"ROMERO GARRIDO, SILVIA",NISSAN  AL-QÁZERES EXTREMADURA,10,18,"0,56"
2017,"ESPARCIA OMEDAS, CAROLINA",MANN-FILTER,8,19,"0,42"
2016,"MILOVANOVIC, JELENA",PERFUMERIAS AVENIDA,87,5,"17,4"
2016,"BULGAK, ADUT ATEM",IDK GIPUZKOA,42,3,14
2016,"IBEKWE, IFUNANYA DEBBIE",SPAR CITYLIFT GIRONA,55,4,"13,75"
2016,"TUDANCA ACEDO, MARTA",LACTURALE ARASKI,54,4,"13,5"
2016,"GOMES COLHADO, NADIA",IDK GIPUZKOA,39,3,13
2016,"SANCHEZ MARRUFO, BEATRIZ",STAR CENTER-UNI FERROL,59,5,"11,8"
2016,"PINA TOLOSA, MARIA",LOINTEK GERNIKA BIZKAIA,23,2,"11,5"
2016,"MOKANGO, CHANEL MODIRI",LOINTEK GERNIKA BIZKAIA,21,2,"10,5"
2016,"DE SOUZA MACHADO, ERIKA CRISTINA",PERFUMERIAS AVENIDA,49,5,"9,8"
2016,"BARBEE, SHACOBIA SHAUNTE",STAR CENTER-UNI FERROL,48,5,"9,6"
2016,"DOMINGUEZ FERNANDEZ, SILVIA",PERFUMERIAS AVENIDA,47,5,"9,4"
2016,"ALMINAITE, KRISITINA",SPAR CITYLIFT GIRONA,18,2,9
2016,"OCETE CASTILLO, GABRIELA",IDK GIPUZKOA,27,3,9
2016,"ASURMENDI VILLAVERDE, MARIA DEL CARMEN",LOINTEK GERNIKA BIZKAIA,18,2,9
2016,"PETERS, HALEY MCCLOSKEY",SPAR CITYLIFT GIRONA,45,5,9
2016,"ADURIZ HERNANI, ONINTZA",IDK GIPUZKOA,27,3,9
2016,"ELONU, ADAORA NNENNA",PERFUMERIAS AVENIDA,45,5,9
2016,"GIVENS , KRISI TIJANA",PERFUMERIAS AVENIDA,44,5,"8,8"
2016,"CALVO DIAZ, ANA BEGOÑA",STAR CENTER-UNI FERROL,44,5,"8,8"
2016,"SANDRIC , ANTONIJA",LOINTEK GERNIKA BIZKAIA,17,2,"8,5"
2016,"JORDANA BOFILL, NOEMI",SPAR CITYLIFT GIRONA,42,5,"8,4"
2016,"COULIBALY, NAIGNOUMA",SPAR CITYLIFT GIRONA,42,5,"8,4"
2016,"ROUNDTREE, MARGARET YVETTE",LACTURALE ARASKI,25,3,"8,33"
2016,"SPANOU, ARTEMIS",SPAR CITYLIFT GIRONA,41,5,"8,2"
2016,"RODRIGUEZ MANSO, LEONOR DEL PILAR",SPAR CITYLIFT GIRONA,41,5,"8,2"
2016,"ALDALUR SOTO, ANE MIREN",LACTURALE ARASKI,32,4,8
2016,"SILVA SERRANO , ROSELIS CAROLINA",LACTURALE ARASKI,31,4,"7,75"
2016,"PEREZ ARAUJO, MARIA",STAR CENTER-UNI FERROL,38,5,"7,6"
2016,"DIEZ FERNANDEZ, NAIARA",LOINTEK GERNIKA BIZKAIA,15,2,"7,5"
2016,"LIÑEIRA, MARIA CECILIA",LACTURALE ARASKI,26,4,"6,5"
2016,"MILOVANOVIC, JELENA",PERFUMERIAS AVENIDA,87,5,"17,4"
2016,"BULGAK, ADUT ATEM",IDK GIPUZKOA,42,3,14
2016,"IBEKWE, IFUNANYA DEBBIE",SPAR CITYLIFT GIRONA,55,4,"13,75"
2016,"TUDANCA ACEDO, MARTA",LACTURALE ARASKI,54,4,"13,5"
2016,"GOMES COLHADO, NADIA",IDK GIPUZKOA,39,3,13
2016,"SANCHEZ MARRUFO, BEATRIZ",STAR CENTER-UNI FERROL,59,5,"11,8"
2016,"PINA TOLOSA, MARIA",LOINTEK GERNIKA BIZKAIA,23,2,"11,5"
2016,"MOKANGO, CHANEL MODIRI",LOINTEK GERNIKA BIZKAIA,21,2,"10,5"
2016,"DE SOUZA MACHADO, ERIKA CRISTINA",PERFUMERIAS AVENIDA,49,5,"9,8"
2016,"BARBEE, SHACOBIA SHAUNTE",STAR CENTER-UNI FERROL,48,5,"9,6"
2016,"DOMINGUEZ FERNANDEZ, SILVIA",PERFUMERIAS AVENIDA,47,5,"9,4"
2016,"ALMINAITE, KRISITINA",SPAR CITYLIFT GIRONA,18,2,9
2016,"OCETE CASTILLO, GABRIELA",IDK GIPUZKOA,27,3,9
2016,"ASURMENDI VILLAVERDE, MARIA DEL CARMEN",LOINTEK GERNIKA BIZKAIA,18,2,9
2016,"PETERS, HALEY MCCLOSKEY",SPAR CITYLIFT GIRONA,45,5,9
2016,"ADURIZ HERNANI, ONINTZA",IDK GIPUZKOA,27,3,9
2016,"ELONU, ADAORA NNENNA",PERFUMERIAS AVENIDA,45,5,9
2016,"GIVENS , KRISI TIJANA",PERFUMERIAS AVENIDA,44,5,"8,8"
2016,"CALVO DIAZ, ANA BEGOÑA",STAR CENTER-UNI FERROL,44,5,"8,8"
2016,"SANDRIC , ANTONIJA",LOINTEK GERNIKA BIZKAIA,17,2,"8,5"
2016,"JORDANA BOFILL, NOEMI",SPAR CITYLIFT GIRONA,42,5,"8,4"
2016,"COULIBALY, NAIGNOUMA",SPAR CITYLIFT GIRONA,42,5,"8,4"
2016,"ROUNDTREE, MARGARET YVETTE",LACTURALE ARASKI,25,3,"8,33"
2016,"SPANOU, ARTEMIS",SPAR CITYLIFT GIRONA,41,5,"8,2"
2016,"RODRIGUEZ MANSO, LEONOR DEL PILAR",SPAR CITYLIFT GIRONA,41,5,"8,2"
2016,"ALDALUR SOTO, ANE MIREN",LACTURALE ARASKI,32,4,8
2016,"SILVA SERRANO , ROSELIS CAROLINA",LACTURALE ARASKI,31,4,"7,75"
2016,"PEREZ ARAUJO, MARIA",STAR CENTER-UNI FERROL,38,5,"7,6"
2016,"DIEZ FERNANDEZ, NAIARA",LOINTEK GERNIKA BIZKAIA,15,2,"7,5"
2016,"LIÑEIRA, MARIA CECILIA",LACTURALE ARASKI,26,4,"6,5"
2015,"IBEKWE, IFUNANYA DEBBIE",SPAR CITYLIFT GIRONA,47,2,"23,5"
2015,"PETERS, HALEY MCCLOSKEY",C.B. CONQUERO HUELVA WAGEN,46,2,23
2015,"FERRARI CALABRO, PAOLA ANDREA",MANN-FILTER,39,2,"19,5"
2015,"ELONU, ADAORA NNENNA",C.B. CONQUERO HUELVA WAGEN,38,2,19
2015,"GIVENS , KRISI TIJANA",SPAR CITYLIFT GIRONA,90,5,18
2015,"BEARD, ALANA MONIQUE",PERFUMERIAS AVENIDA,60,5,12
2015,"ZLATANOVA, JAKLIN",MANN-FILTER,22,2,11
2015,"COULIBALY, NAIGNOUMA",SPAR CITYLIFT GIRONA,52,5,"10,4"
2015,"MARGINEAN , GABRIELA",PERFUMERIAS AVENIDA,51,5,"10,2"
2015,"CALDWELL , TALIA ADAIAH",C.B. CONQUERO HUELVA WAGEN,10,1,10
2015,"TRAORE, AYA",C.B. CONQUERO HUELVA WAGEN,20,2,10
2015,"BUCH ROSELL, ROSO",C.B. CONQUERO HUELVA WAGEN,20,2,10
2015,"GIDDEN, VANESSA NICOLE",PERFUMERIAS AVENIDA,28,3,"9,33"
2015,"SPANOU, ARTEMIS",SPAR CITYLIFT GIRONA,46,5,"9,2"
2015,"NDOUR, ASTOU BARRO",PERFUMERIAS AVENIDA,44,5,"8,8"
2015,"DOMINGUEZ FERNANDEZ, SILVIA",PERFUMERIAS AVENIDA,43,5,"8,6"
2015,"RODRIGUEZ MANSO, LEONOR DEL PILAR",PERFUMERIAS AVENIDA,40,5,8
2015,"JORDANA BOFILL, NOEMI",SPAR CITYLIFT GIRONA,39,5,"7,8"
2015,"LIEPKALNE, DITA",MANN-FILTER,15,2,"7,5"
2015,"PASCUA SUAREZ, MARÍA LUCILA",MANN-FILTER,14,2,7
2015,"LUCAS , ITALEE MALINA",SPAR CITYLIFT GIRONA,33,5,"6,6"
2015,"OCETE CASTILLO, GABRIELA",MANN-FILTER,13,2,"6,5"
2015,"GEMELOS, JACQUELINE ANN",PERFUMERIAS AVENIDA,31,5,"6,2"
2015,"KOBRYN , EWELINA KATARZYNA",PERFUMERIAS AVENIDA,28,5,"5,6"
2015,"KNEZEVIC, ADRIJANA",SPAR CITYLIFT GIRONA,26,5,"5,2"
2015,"LO SYLLA, NOGAYE",MANN-FILTER,10,2,5
2015,"VITOLA, KRISTINE",PERFUMERIAS AVENIDA,20,4,5
2015,"KUKTIENE, VITA",SPAR CITYLIFT GIRONA,25,5,5
2015,"ASURMENDI VILLAVERDE, MARIA DEL CARMEN",PERFUMERIAS AVENIDA,25,5,5
2015,"DE SA CASTRO NEVES, CATARINA",C.B. CONQUERO HUELVA WAGEN,9,2,"4,5"
2015,"IBEKWE, IFUNANYA DEBBIE",SPAR CITYLIFT GIRONA,47,2,"23,5"
2015,"PETERS, HALEY MCCLOSKEY",C.B. CONQUERO HUELVA WAGEN,46,2,23
2015,"FERRARI CALABRO, PAOLA ANDREA",MANN-FILTER,39,2,"19,5"
2015,"ELONU, ADAORA NNENNA",C.B. CONQUERO HUELVA WAGEN,38,2,19
2015,"GIVENS , KRISI TIJANA",SPAR CITYLIFT GIRONA,90,5,18
2015,"BEARD, ALANA MONIQUE",PERFUMERIAS AVENIDA,60,5,12
2015,"ZLATANOVA, JAKLIN",MANN-FILTER,22,2,11
2015,"COULIBALY, NAIGNOUMA",SPAR CITYLIFT GIRONA,52,5,"10,4"
2015,"MARGINEAN , GABRIELA",PERFUMERIAS AVENIDA,51,5,"10,2"
2015,"CALDWELL , TALIA ADAIAH",C.B. CONQUERO HUELVA WAGEN,10,1,10
2015,"TRAORE, AYA",C.B. CONQUERO HUELVA WAGEN,20,2,10
2015,"BUCH ROSELL, ROSO",C.B. CONQUERO HUELVA WAGEN,20,2,10
2015,"GIDDEN, VANESSA NICOLE",PERFUMERIAS AVENIDA,28,3,"9,33"
2015,"SPANOU, ARTEMIS",SPAR CITYLIFT GIRONA,46,5,"9,2"
2015,"NDOUR, ASTOU BARRO",PERFUMERIAS AVENIDA,44,5,"8,8"
2015,"DOMINGUEZ FERNANDEZ, SILVIA",PERFUMERIAS AVENIDA,43,5,"8,6"
2015,"RODRIGUEZ MANSO, LEONOR DEL PILAR",PERFUMERIAS AVENIDA,40,5,8
2015,"JORDANA BOFILL, NOEMI",SPAR CITYLIFT GIRONA,39,5,"7,8"
2015,"LIEPKALNE, DITA",MANN-FILTER,15,2,"7,5"
2015,"PASCUA SUAREZ, MARÍA LUCILA",MANN-FILTER,14,2,7
2015,"LUCAS , ITALEE MALINA",SPAR CITYLIFT GIRONA,33,5,"6,6"
2015,"OCETE CASTILLO, GABRIELA",MANN-FILTER,13,2,"6,5"
2015,"GEMELOS, JACQUELINE ANN",PERFUMERIAS AVENIDA,31,5,"6,2"
2015,"KOBRYN , EWELINA KATARZYNA",PERFUMERIAS AVENIDA,28,5,"5,6"
2015,"KNEZEVIC, ADRIJANA",SPAR CITYLIFT GIRONA,26,5,"5,2"
2015,"LO SYLLA, NOGAYE",MANN-FILTER,10,2,5
2015,"VITOLA, KRISTINE",PERFUMERIAS AVENIDA,20,4,5
2015,"KUKTIENE, VITA",SPAR CITYLIFT GIRONA,25,5,5
2015,"ASURMENDI VILLAVERDE, MARIA DEL CARMEN",PERFUMERIAS AVENIDA,25,5,5
2015,"DE SA CASTRO NEVES, CATARINA",C.B. CONQUERO HUELVA WAGEN,9,2,"4,5"
2014,"IBEKWE, IFUNANYA DEBBIE",SPAR CITYLIFT GIRONA,72,4,18
2014,"GIDDEN, VANESSA NICOLE",SPAR CITYLIFT GIRONA,65,4,"16,25"
2014,"REZAN, MARIJA",PERFUMERIAS AVENIDA,69,5,"13,8"
2014,"ROBINSON, ANGELICA DANIELLE",PERFUMERIAS AVENIDA,66,5,"13,2"
2014,"FERNANDEZ FARRES, MARTA",PERFUMERIAS AVENIDA,62,5,"12,4"
2014,"HIND, BEN ABDELKADER",CADI LA SEU,34,3,"11,33"
2014,"ELONU, ADAORA NNENNA",C.B. CONQUERO HUELVA WAGEN,22,2,11
2014,"JORDANA BOFILL, NOEMI",SPAR CITYLIFT GIRONA,41,4,"10,25"
2014,"GIL COLLADO, LAURA",CADI LA SEU,30,3,10
2014,"DAVIS , CHELSEA MARIA",C.B. CONQUERO HUELVA WAGEN,20,2,10
2014,"XARGAY CASADEMONT, MARTA",PERFUMERIAS AVENIDA,49,5,"9,8"
2014,"KUKTIENE, VITA",SPAR CITYLIFT GIRONA,39,4,"9,75"
2014,"PEREZ TORRES, TANIA",CADI LA SEU,29,3,"9,67"
2014,"CHAMBERS, BRITTANY MARIE",SPAR CITYLIFT GIRONA,38,4,"9,5"
2014,"ASURMENDI VILLAVERDE, MARIA DEL CARMEN",C.B. CONQUERO HUELVA WAGEN,16,2,8
2014,"PINA TOLOSA, MARIA",C.B. CONQUERO HUELVA WAGEN,15,2,"7,5"
2014,"DE KLEIJN, MARLOU",CADI LA SEU,22,3,"7,33"
2014,"TANNER, TYRESE LA SHAY",CADI LA SEU,22,3,"7,33"
2014,"PARHAM, AJA DANIELLE",C.B. CONQUERO HUELVA WAGEN,13,2,"6,5"
2014,"RODRIGUEZ MANSO, LEONOR DEL PILAR",PERFUMERIAS AVENIDA,30,5,6
2014,"MADU, NDIDI AWELE",CADI LA SEU,17,3,"5,67"
2014,"BAHI BLANQUERA, GEORGINA",CADI LA SEU,17,3,"5,67"
2014,"FERRARI CALABRO, PAOLA ANDREA",PERFUMERIAS AVENIDA,25,5,5
2014,"SUAREZ UTRERO, ANA MARIA",CADI LA SEU,15,3,5
2014,"BABKINA, ELINA",SPAR CITYLIFT GIRONA,18,4,"4,5"
2014,"PASCUA SUAREZ, MARÍA LUCILA",C.B. CONQUERO HUELVA WAGEN,8,2,4
2014,"ABALDE DIAZ, TAMARA",PERFUMERIAS AVENIDA,8,3,"2,67"
2014,"GERMAN VELASCO, ICIAR",C.B. CONQUERO HUELVA WAGEN,5,2,"2,5"
2014,"ORTIZ VIVES, MARIONA",PERFUMERIAS AVENIDA,11,5,"2,2"
2014,"BLE, DOUKOLE VANESSA",PERFUMERIAS AVENIDA,11,5,"2,2"
2014,"IBEKWE, IFUNANYA DEBBIE",SPAR CITYLIFT GIRONA,72,4,18
2014,"GIDDEN, VANESSA NICOLE",SPAR CITYLIFT GIRONA,65,4,"16,25"
2014,"REZAN, MARIJA",PERFUMERIAS AVENIDA,69,5,"13,8"
2014,"ROBINSON, ANGELICA DANIELLE",PERFUMERIAS AVENIDA,66,5,"13,2"
2014,"FERNANDEZ FARRES, MARTA",PERFUMERIAS AVENIDA,62,5,"12,4"
2014,"HIND, BEN ABDELKADER",CADI LA SEU,34,3,"11,33"
2014,"ELONU, ADAORA NNENNA",C.B. CONQUERO HUELVA WAGEN,22,2,11
2014,"JORDANA BOFILL, NOEMI",SPAR CITYLIFT GIRONA,41,4,"10,25"
2014,"GIL COLLADO, LAURA",CADI LA SEU,30,3,10
2014,"DAVIS , CHELSEA MARIA",C.B. CONQUERO HUELVA WAGEN,20,2,10
2014,"XARGAY CASADEMONT, MARTA",PERFUMERIAS AVENIDA,49,5,"9,8"
2014,"KUKTIENE, VITA",SPAR CITYLIFT GIRONA,39,4,"9,75"
2014,"PEREZ TORRES, TANIA",CADI LA SEU,29,3,"9,67"
2014,"CHAMBERS, BRITTANY MARIE",SPAR CITYLIFT GIRONA,38,4,"9,5"
2014,"ASURMENDI VILLAVERDE, MARIA DEL CARMEN",C.B. CONQUERO HUELVA WAGEN,16,2,8
2014,"PINA TOLOSA, MARIA",C.B. CONQUERO HUELVA WAGEN,15,2,"7,5"
2014,"DE KLEIJN, MARLOU",CADI LA SEU,22,3,"7,33"
2014,"TANNER, TYRESE LA SHAY",CADI LA SEU,22,3,"7,33"
2014,"PARHAM, AJA DANIELLE",C.B. CONQUERO HUELVA WAGEN,13,2,"6,5"
2014,"RODRIGUEZ MANSO, LEONOR DEL PILAR",PERFUMERIAS AVENIDA,30,5,6
2014,"MADU, NDIDI AWELE",CADI LA SEU,17,3,"5,67"
2014,"BAHI BLANQUERA, GEORGINA",CADI LA SEU,17,3,"5,67"
2014,"FERRARI CALABRO, PAOLA ANDREA",PERFUMERIAS AVENIDA,25,5,5
2014,"SUAREZ UTRERO, ANA MARIA",CADI LA SEU,15,3,5
2014,"BABKINA, ELINA",SPAR CITYLIFT GIRONA,18,4,"4,5"
2014,"PASCUA SUAREZ, MARÍA LUCILA",C.B. CONQUERO HUELVA WAGEN,8,2,4
2014,"ABALDE DIAZ, TAMARA",PERFUMERIAS AVENIDA,8,3,"2,67"
2014,"GERMAN VELASCO, ICIAR",C.B. CONQUERO HUELVA WAGEN,5,2,"2,5"
2014,"ORTIZ VIVES, MARIONA",PERFUMERIAS AVENIDA,11,5,"2,2"
2014,"BLE, DOUKOLE VANESSA",PERFUMERIAS AVENIDA,11,5,"2,2"
2013,"ROBINSON, ANGELICA DANIELLE",PERFUMERIAS AVENIDA,93,5,"18,6"
2013,"NDOUR, ASTOU BARRO",GRAN CANARIA 2014,41,3,"13,67"
2013,"MURPHY, ESHAYA MARIE",PERFUMERIAS AVENIDA,67,5,"13,4"
2013,"BUCH ROSELL, ROSO",EMBUTIDOS PAJARIEL BEMBIBRE PD,40,3,"13,33"
2013,"GOMEZ IGUAL, ANNA",EMBUTIDOS PAJARIEL BEMBIBRE PD,39,3,13
2013,"MONTENEGRO SANTANA, RITA ESTHER",EMBUTIDOS PAJARIEL BEMBIBRE PD,39,3,13
2013,"ELDEBRINK, FRIDA",RIVAS ECOPOLIS,64,5,"12,8"
2013,"REZAN, MARIJA",PERFUMERIAS AVENIDA,62,5,"12,4"
2013,"NICHOLLS GONZALEZ, LAURA",RIVAS ECOPOLIS,61,5,"12,2"
2013,"DIAZ CASTELLANO, YURENA",GRAN CANARIA 2014,36,3,12
2013,"ALLISON, RACHEL LINDSAY",RIVAS ECOPOLIS,55,5,11
2013,"DAVIS , CHELSEA MARIA",GRAN CANARIA 2014,32,3,"10,67"
2013,"CHAMBERS, BRITTANY MARIE",GRAN CANARIA 2014,32,3,"10,67"
2013,"GIMENO MARTINEZ, VEGA",RIVAS ECOPOLIS,27,3,9
2013,"CABRERA ARGUELLO, PATRICIA",GRAN CANARIA 2014,23,3,"7,67"
2013,"RODRIGUEZ MANSO, LEONOR DEL PILAR",PERFUMERIAS AVENIDA,37,5,"7,4"
2013,"LIEPKALNE, DITA",EMBUTIDOS PAJARIEL BEMBIBRE PD,21,3,7
2013,"O'REILLY, ORLA",EMBUTIDOS PAJARIEL BEMBIBRE PD,20,3,"6,67"
2013,"FERNANDEZ FARRES, MARTA",PERFUMERIAS AVENIDA,33,5,"6,6"
2013,"OCETE CASTILLO, GABRIELA",RIVAS ECOPOLIS,29,5,"5,8"
2013,"HALVARSSON , LOUICE",RIVAS ECOPOLIS,29,5,"5,8"
2013,"DENNETT, MELISSA LOUISE",EMBUTIDOS PAJARIEL BEMBIBRE PD,17,3,"5,67"
2013,"XARGAY CASADEMONT, MARTA",PERFUMERIAS AVENIDA,28,5,"5,6"
2013,"HASSELL, JASMINE",RIVAS ECOPOLIS,24,5,"4,8"
2013,"NDOYE, BINETA",GRAN CANARIA 2014,14,3,"4,67"
2013,"CASAS CARRERAS, QUERALT",RIVAS ECOPOLIS,22,5,"4,4"
2013,"BERMEJO MORENO, CLARA SUSANA",RIVAS ECOPOLIS,18,5,"3,6"
2013,"PETEVA, DANIELA ROSENOVA",EMBUTIDOS PAJARIEL BEMBIBRE PD,10,3,"3,33"
2013,"QUEVEDO CAÑIZARES, LAURA",RIVAS ECOPOLIS,2,1,2
2013,"VIVAS SACRAMENTO, ELISABET",EMBUTIDOS PAJARIEL BEMBIBRE PD,5,3,"1,67"
2013,"ROBINSON, ANGELICA DANIELLE",PERFUMERIAS AVENIDA,93,5,"18,6"
2013,"NDOUR, ASTOU BARRO",GRAN CANARIA 2014,41,3,"13,67"
2013,"MURPHY, ESHAYA MARIE",PERFUMERIAS AVENIDA,67,5,"13,4"
2013,"BUCH ROSELL, ROSO",EMBUTIDOS PAJARIEL BEMBIBRE PD,40,3,"13,33"
2013,"GOMEZ IGUAL, ANNA",EMBUTIDOS PAJARIEL BEMBIBRE PD,39,3,13
2013,"MONTENEGRO SANTANA, RITA ESTHER",EMBUTIDOS PAJARIEL BEMBIBRE PD,39,3,13
2013,"ELDEBRINK, FRIDA",RIVAS ECOPOLIS,64,5,"12,8"
2013,"REZAN, MARIJA",PERFUMERIAS AVENIDA,62,5,"12,4"
2013,"NICHOLLS GONZALEZ, LAURA",RIVAS ECOPOLIS,61,5,"12,2"
2013,"DIAZ CASTELLANO, YURENA",GRAN CANARIA 2014,36,3,12
2013,"ALLISON, RACHEL LINDSAY",RIVAS ECOPOLIS,55,5,11
2013,"DAVIS , CHELSEA MARIA",GRAN CANARIA 2014,32,3,"10,67"
2013,"CHAMBERS, BRITTANY MARIE",GRAN CANARIA 2014,32,3,"10,67"
2013,"GIMENO MARTINEZ, VEGA",RIVAS ECOPOLIS,27,3,9
2013,"CABRERA ARGUELLO, PATRICIA",GRAN CANARIA 2014,23,3,"7,67"
2013,"RODRIGUEZ MANSO, LEONOR DEL PILAR",PERFUMERIAS AVENIDA,37,5,"7,4"
2013,"LIEPKALNE, DITA",EMBUTIDOS PAJARIEL BEMBIBRE PD,21,3,7
2013,"O'REILLY, ORLA",EMBUTIDOS PAJARIEL BEMBIBRE PD,20,3,"6,67"
2013,"FERNANDEZ FARRES, MARTA",PERFUMERIAS AVENIDA,33,5,"6,6"
2013,"OCETE CASTILLO, GABRIELA",RIVAS ECOPOLIS,29,5,"5,8"
2013,"HALVARSSON , LOUICE",RIVAS ECOPOLIS,29,5,"5,8"
2013,"DENNETT, MELISSA LOUISE",EMBUTIDOS PAJARIEL BEMBIBRE PD,17,3,"5,67"
2013,"XARGAY CASADEMONT, MARTA",PERFUMERIAS AVENIDA,28,5,"5,6"
2013,"HASSELL, JASMINE",RIVAS ECOPOLIS,24,5,"4,8"
2013,"NDOYE, BINETA",GRAN CANARIA 2014,14,3,"4,67"
2013,"CASAS CARRERAS, QUERALT",RIVAS ECOPOLIS,22,5,"4,4"
2013,"BERMEJO MORENO, CLARA SUSANA",RIVAS ECOPOLIS,18,5,"3,6"
2013,"PETEVA, DANIELA ROSENOVA",EMBUTIDOS PAJARIEL BEMBIBRE PD,10,3,"3,33"
2013,"QUEVEDO CAÑIZARES, LAURA",RIVAS ECOPOLIS,2,1,2
2013,"VIVAS SACRAMENTO, ELISABET",EMBUTIDOS PAJARIEL BEMBIBRE PD,5,3,"1,67"
2012,"MONROE, JACINTA LISETTE",SPAR UNIGIRONA,86,5,"17,2"
2012,"TRAORE, ASTOU",CADI - ICG SOFTWARE,68,4,17
2012,"CURRIE , MONIQUE PAULETTE",PERFUMERIAS AVENIDA,68,4,17
2012,"GIL COLLADO, LAURA",BEROIL - CIUDAD DE BURGOS,29,2,"14,5"
2012,"PARHAM, AJA DANIELLE",CADI - ICG SOFTWARE,57,4,"14,25"
2012,"ALLISON, RACHEL LINDSAY",BEROIL - CIUDAD DE BURGOS,14,1,14
2012,"ASURMENDI VILLAVERDE, MARIA DEL CARMEN",UNB OBENASA,41,3,"13,67"
2012,"CRUZ LEBRATO, ANNA",RIVAS ECOPOLIS,54,4,"13,5"
2012,"COVINGTON, ARHONDA",CADI - ICG SOFTWARE,50,4,"12,5"
2012,"WILLINGHAM, LE`COE LOUISE",PERFUMERIAS AVENIDA,47,4,"11,75"
2012,"CASAS CARRERAS, QUERALT",RIVAS ECOPOLIS,46,4,"11,5"
2012,"GOMEZ IGUAL, ANNA",BEROIL - CIUDAD DE BURGOS,22,2,11
2012,"JORDANA BOFILL, NOEMI",SPAR UNIGIRONA,55,5,11
2012,"SOTIRIOU , AIKATERINA",UNB OBENASA,33,3,11
2012,"HERRERA BOXO, LAURA",UNB OBENASA,33,3,11
2012,"HENRY, ANEIKA ANNA-KAY",RIVAS ECOPOLIS,41,4,"10,25"
2012,"CHUMILLAS PERIS, BERTA",BEROIL - CIUDAD DE BURGOS,20,2,10
2012,"FERNANDEZ FARRES, MARTA",PERFUMERIAS AVENIDA,40,4,10
2012,"KURASOVA, OLEKSANDRA",RIVAS ECOPOLIS,39,4,"9,75"
2012,"BRAVARD , CIERRA  NICHOLE",SPAR UNIGIRONA,46,5,"9,2"
2012,"CARBO COLOMA, ANNA",SPAR UNIGIRONA,45,5,9
2012,"REVUELTO SÁNCHEZ-AGUILERA, MARIA",UNB OBENASA,26,3,"8,67"
2012,"GOMEZ IGLESIAS, REGINA",BEROIL - CIUDAD DE BURGOS,17,2,"8,5"
2012,"ARGÜELLO CUENCA, PATRICIA",UNB OBENASA,25,3,"8,33"
2012,"MORRISON JARA, ZIOMARA ESKET",RIVAS ECOPOLIS,33,4,"8,25"
2012,"CUEVAS MEDIAVILLA, AITANA",BEROIL - CIUDAD DE BURGOS,16,2,8
2012,"PINA TOLOSA, MARIA",PERFUMERIAS AVENIDA,8,1,8
2012,"XARGAY CASADEMONT, MARTA",PERFUMERIAS AVENIDA,29,4,"7,25"
2012,"SULCIUTE, EGLE",PERFUMERIAS AVENIDA,26,4,"6,5"
2012,"GOMEZ FERREIROS, SARA",UNB OBENASA,18,3,6
2012,"MONROE, JACINTA LISETTE",SPAR UNIGIRONA,86,5,"17,2"
2012,"TRAORE, ASTOU",CADI - ICG SOFTWARE,68,4,17
2012,"CURRIE , MONIQUE PAULETTE",PERFUMERIAS AVENIDA,68,4,17
2012,"GIL COLLADO, LAURA",BEROIL - CIUDAD DE BURGOS,29,2,"14,5"
2012,"PARHAM, AJA DANIELLE",CADI - ICG SOFTWARE,57,4,"14,25"
2012,"ALLISON, RACHEL LINDSAY",BEROIL - CIUDAD DE BURGOS,14,1,14
2012,"ASURMENDI VILLAVERDE, MARIA DEL CARMEN",UNB OBENASA,41,3,"13,67"
2012,"CRUZ LEBRATO, ANNA",RIVAS ECOPOLIS,54,4,"13,5"
2012,"COVINGTON, ARHONDA",CADI - ICG SOFTWARE,50,4,"12,5"
2012,"WILLINGHAM, LE`COE LOUISE",PERFUMERIAS AVENIDA,47,4,"11,75"
2012,"CASAS CARRERAS, QUERALT",RIVAS ECOPOLIS,46,4,"11,5"
2012,"GOMEZ IGUAL, ANNA",BEROIL - CIUDAD DE BURGOS,22,2,11
2012,"JORDANA BOFILL, NOEMI",SPAR UNIGIRONA,55,5,11
2012,"SOTIRIOU , AIKATERINA",UNB OBENASA,33,3,11
2012,"HERRERA BOXO, LAURA",UNB OBENASA,33,3,11
2012,"HENRY, ANEIKA ANNA-KAY",RIVAS ECOPOLIS,41,4,"10,25"
2012,"CHUMILLAS PERIS, BERTA",BEROIL - CIUDAD DE BURGOS,20,2,10
2012,"FERNANDEZ FARRES, MARTA",PERFUMERIAS AVENIDA,40,4,10
2012,"KURASOVA, OLEKSANDRA",RIVAS ECOPOLIS,39,4,"9,75"
2012,"BRAVARD , CIERRA  NICHOLE",SPAR UNIGIRONA,46,5,"9,2"
2012,"CARBO COLOMA, ANNA",SPAR UNIGIRONA,45,5,9
2012,"REVUELTO SÁNCHEZ-AGUILERA, MARIA",UNB OBENASA,26,3,"8,67"
2012,"GOMEZ IGLESIAS, REGINA",BEROIL - CIUDAD DE BURGOS,17,2,"8,5"
2012,"ARGÜELLO CUENCA, PATRICIA",UNB OBENASA,25,3,"8,33"
2012,"MORRISON JARA, ZIOMARA ESKET",RIVAS ECOPOLIS,33,4,"8,25"
2012,"CUEVAS MEDIAVILLA, AITANA",BEROIL - CIUDAD DE BURGOS,16,2,8
2012,"PINA TOLOSA, MARIA",PERFUMERIAS AVENIDA,8,1,8
2012,"XARGAY CASADEMONT, MARTA",PERFUMERIAS AVENIDA,29,4,"7,25"
2012,"SULCIUTE, EGLE",PERFUMERIAS AVENIDA,26,4,"6,5"
2012,"GOMEZ FERREIROS, SARA",UNB OBENASA,18,3,6
2011,"DE SOUZA MACHADO, ERIKA CRISTINA",PERFUMERIAS AVENIDA,71,4,"17,75"
2011,"JONES, ASJHA",RIVAS ECOPOLIS,30,2,15
2011,"BONNER, DEWANNA TENISE",PERFUMERIAS AVENIDA,58,4,"14,5"
2011,"MOORE, MAYA APRIL",CIUDAD ROS CASARES VALENCIA,43,3,"14,33"
2011,"WAUTERS, ANN",CIUDAD ROS CASARES VALENCIA,57,4,"14,25"
2011,"ROBINSON, ANGELICA DANIELLE",GIRONA FC,24,2,12
2011,"JACKSON, LAUREN",CIUDAD ROS CASARES VALENCIA,46,4,"11,5"
2011,"CRUZ LEBRATO, ANNA",RIVAS ECOPOLIS,23,2,"11,5"
2011,"MURPHY, ESHAYA MARIE",CIUDAD ROS CASARES VALENCIA,40,4,10
2011,"LYTTLE LYTTLE, SANCHO TRACY CONSTANCE",CIUDAD ROS CASARES VALENCIA,38,4,"9,5"
2011,"JORDANA BOFILL, NOEMI",GIRONA FC,19,2,"9,5"
2011,"ANTOJA ROVIRA, LAURA",PERFUMERIAS AVENIDA,34,4,"8,5"
2011,"THORBURN, SHONA LOUISE",GIRONA FC,17,2,"8,5"
2011,"CARSON, ESSENCE",RIVAS ECOPOLIS,14,2,7
2011,"FERNANDEZ FARRES, MARTA",PERFUMERIAS AVENIDA,25,4,"6,25"
2011,"SARR, OUMOUL KHAIRY",GIRONA FC,12,2,6
2011,"XARGAY CASADEMONT, MARTA",PERFUMERIAS AVENIDA,23,4,"5,75"
2011,"AGUILAR LOPEZ , ELISA",RIVAS ECOPOLIS,11,2,"5,5"
2011,"PALAU ALTES, LAIA",CIUDAD ROS CASARES VALENCIA,22,4,"5,5"
2011,"NICHOLLS GONZALEZ, LAURA",RIVAS ECOPOLIS,11,2,"5,5"
2011,"KORSTINE, ILONA",PERFUMERIAS AVENIDA,21,4,"5,25"
2011,"YACOUBOU, ISABELLE",CIUDAD ROS CASARES VALENCIA,20,4,5
2011,"DOMINGUEZ FERNANDEZ, SILVIA",CIUDAD ROS CASARES VALENCIA,20,4,5
2011,"VAJDA, ANNA",PERFUMERIAS AVENIDA,20,4,5
2011,"BAHI BLANQUERA, GEORGINA",GIRONA FC,9,2,"4,5"
2011,"CARBO COLOMA, ANNA",GIRONA FC,8,2,4
2011,"PIRSIC, SANDRA",RIVAS ECOPOLIS,8,2,4
2011,"RUANO ORIOLA, OLGA",GIRONA FC,7,2,"3,5"
2011,"GIMENO MARTINEZ, VEGA",RIVAS ECOPOLIS,7,2,"3,5"
2011,"SANCHEZ FERNANDEZ, ISABEL",PERFUMERIAS AVENIDA,13,4,"3,25"
2011,"DE SOUZA MACHADO, ERIKA CRISTINA",PERFUMERIAS AVENIDA,71,4,"17,75"
2011,"JONES, ASJHA",RIVAS ECOPOLIS,30,2,15
2011,"BONNER, DEWANNA TENISE",PERFUMERIAS AVENIDA,58,4,"14,5"
2011,"MOORE, MAYA APRIL",CIUDAD ROS CASARES VALENCIA,43,3,"14,33"
2011,"WAUTERS, ANN",CIUDAD ROS CASARES VALENCIA,57,4,"14,25"
2011,"ROBINSON, ANGELICA DANIELLE",GIRONA FC,24,2,12
2011,"JACKSON, LAUREN",CIUDAD ROS CASARES VALENCIA,46,4,"11,5"
2011,"CRUZ LEBRATO, ANNA",RIVAS ECOPOLIS,23,2,"11,5"
2011,"MURPHY, ESHAYA MARIE",CIUDAD ROS CASARES VALENCIA,40,4,10
2011,"LYTTLE LYTTLE, SANCHO TRACY CONSTANCE",CIUDAD ROS CASARES VALENCIA,38,4,"9,5"
2011,"JORDANA BOFILL, NOEMI",GIRONA FC,19,2,"9,5"
2011,"ANTOJA ROVIRA, LAURA",PERFUMERIAS AVENIDA,34,4,"8,5"
2011,"THORBURN, SHONA LOUISE",GIRONA FC,17,2,"8,5"
2011,"CARSON, ESSENCE",RIVAS ECOPOLIS,14,2,7
2011,"FERNANDEZ FARRES, MARTA",PERFUMERIAS AVENIDA,25,4,"6,25"
2011,"SARR, OUMOUL KHAIRY",GIRONA FC,12,2,6
2011,"XARGAY CASADEMONT, MARTA",PERFUMERIAS AVENIDA,23,4,"5,75"
2011,"AGUILAR LOPEZ , ELISA",RIVAS ECOPOLIS,11,2,"5,5"
2011,"PALAU ALTES, LAIA",CIUDAD ROS CASARES VALENCIA,22,4,"5,5"
2011,"NICHOLLS GONZALEZ, LAURA",RIVAS ECOPOLIS,11,2,"5,5"
2011,"KORSTINE, ILONA",PERFUMERIAS AVENIDA,21,4,"5,25"
2011,"YACOUBOU, ISABELLE",CIUDAD ROS CASARES VALENCIA,20,4,5
2011,"DOMINGUEZ FERNANDEZ, SILVIA",CIUDAD ROS CASARES VALENCIA,20,4,5
2011,"VAJDA, ANNA",PERFUMERIAS AVENIDA,20,4,5
2011,"BAHI BLANQUERA, GEORGINA",GIRONA FC,9,2,"4,5"
2011,"CARBO COLOMA, ANNA",GIRONA FC,8,2,4
2011,"PIRSIC, SANDRA",RIVAS ECOPOLIS,8,2,4
2011,"RUANO ORIOLA, OLGA",GIRONA FC,7,2,"3,5"
2011,"GIMENO MARTINEZ, VEGA",RIVAS ECOPOLIS,7,2,"3,5"
2011,"SANCHEZ FERNANDEZ, ISABEL",PERFUMERIAS AVENIDA,13,4,"3,25"
2010,"VALDEMORO MADARIAGA, AMAYA",RIVAS ECOPOLIS,41,2,"20,5"
2010,"VESELA, JANA",CIUDAD ROS CASARES VALENCIA,18,1,18
2010,"BRUNSON, REBEKKAH",CIUDAD ROS CASARES VALENCIA,33,2,"16,5"
2010,"TORRENS SALOM, ALBA",PERFUMERIAS AVENIDA,30,2,15
2010,"DOUGLAS, KATHRYN",CIUDAD ROS CASARES VALENCIA,29,2,"14,5"
2010,"ANOSIKE, NIKOLIKA NONYELUM",CIUDAD ROS CASARES VALENCIA,25,2,"12,5"
2010,"LYTTLE LYTTLE, SANCHO TRACY CONSTANCE",PERFUMERIAS AVENIDA,25,2,"12,5"
2010,"DE SOUZA MACHADO, ERIKA CRISTINA",PERFUMERIAS AVENIDA,25,2,"12,5"
2010,"PARIS, COURTNEY LYNNE",RIVAS ECOPOLIS,23,2,"11,5"
2010,"HENRY, ANEIKA ANNA-KAY",MANN FILTER ZARAGOZA,21,2,"10,5"
2010,"BONNER, DEWANNA TENISE",RIVAS ECOPOLIS,19,2,"9,5"
2010,"KRESOVIC, INES",MANN FILTER ZARAGOZA,19,2,"9,5"
2010,"FEASTER, ALISON",MANN FILTER ZARAGOZA,18,2,9
2010,"CRUZ LEBRATO, ANNA",RIVAS ECOPOLIS,17,2,"8,5"
2010,"LIMA GARCIA, CINDY ORQUIDEA",CIUDAD ROS CASARES VALENCIA,16,2,8
2010,"MONDT, ANKE DE",PERFUMERIAS AVENIDA,15,2,"7,5"
2010,"CASAS CARRERAS, QUERALT",MANN FILTER ZARAGOZA,14,2,7
2010,"MONTAÑANA GIMENO, ANNA",PERFUMERIAS AVENIDA,14,2,7
2010,"DOMINGUEZ FERNANDEZ, SILVIA",PERFUMERIAS AVENIDA,13,2,"6,5"
2010,"LAWSON, EDWIGE",CIUDAD ROS CASARES VALENCIA,13,2,"6,5"
2010,"PINA TOLOSA, MARIA",MANN FILTER ZARAGOZA,12,2,6
2010,"FERNANDEZ FARRES, MARTA",CIUDAD ROS CASARES VALENCIA,12,2,6
2010,"BROWN, KIESHA LINDSAY",MANN FILTER ZARAGOZA,11,2,"5,5"
2010,"AGUILAR LOPEZ , ELISA",RIVAS ECOPOLIS,9,2,"4,5"
2010,"ZLATANOVA, JAKLIN",MANN FILTER ZARAGOZA,8,2,4
2010,"BERMEJO MORENO, CLARA SUSANA",RIVAS ECOPOLIS,7,2,"3,5"
2010,"SNELL, BELINDA ROSE",PERFUMERIAS AVENIDA,7,2,"3,5"
2010,"ROYO TORRES, MARIA ESTELA",MANN FILTER ZARAGOZA,6,2,3
2010,"GIMENO MARTINEZ, VEGA",RIVAS ECOPOLIS,5,2,"2,5"
2010,"MARTINEZ PRAT, NURIA",CIUDAD ROS CASARES VALENCIA,5,2,"2,5"
2010,"VALDEMORO MADARIAGA, AMAYA",RIVAS ECOPOLIS,41,2,"20,5"
2010,"VESELA, JANA",CIUDAD ROS CASARES VALENCIA,18,1,18
2010,"BRUNSON, REBEKKAH",CIUDAD ROS CASARES VALENCIA,33,2,"16,5"
2010,"TORRENS SALOM, ALBA",PERFUMERIAS AVENIDA,30,2,15
2010,"DOUGLAS, KATHRYN",CIUDAD ROS CASARES VALENCIA,29,2,"14,5"
2010,"ANOSIKE, NIKOLIKA NONYELUM",CIUDAD ROS CASARES VALENCIA,25,2,"12,5"
2010,"LYTTLE LYTTLE, SANCHO TRACY CONSTANCE",PERFUMERIAS AVENIDA,25,2,"12,5"
2010,"DE SOUZA MACHADO, ERIKA CRISTINA",PERFUMERIAS AVENIDA,25,2,"12,5"
2010,"PARIS, COURTNEY LYNNE",RIVAS ECOPOLIS,23,2,"11,5"
2010,"HENRY, ANEIKA ANNA-KAY",MANN FILTER ZARAGOZA,21,2,"10,5"
2010,"BONNER, DEWANNA TENISE",RIVAS ECOPOLIS,19,2,"9,5"
2010,"KRESOVIC, INES",MANN FILTER ZARAGOZA,19,2,"9,5"
2010,"FEASTER, ALISON",MANN FILTER ZARAGOZA,18,2,9
2010,"CRUZ LEBRATO, ANNA",RIVAS ECOPOLIS,17,2,"8,5"
2010,"LIMA GARCIA, CINDY ORQUIDEA",CIUDAD ROS CASARES VALENCIA,16,2,8
2010,"MONDT, ANKE DE",PERFUMERIAS AVENIDA,15,2,"7,5"
2010,"CASAS CARRERAS, QUERALT",MANN FILTER ZARAGOZA,14,2,7
2010,"MONTAÑANA GIMENO, ANNA",PERFUMERIAS AVENIDA,14,2,7
2010,"DOMINGUEZ FERNANDEZ, SILVIA",PERFUMERIAS AVENIDA,13,2,"6,5"
2010,"LAWSON, EDWIGE",CIUDAD ROS CASARES VALENCIA,13,2,"6,5"
2010,"PINA TOLOSA, MARIA",MANN FILTER ZARAGOZA,12,2,6
2010,"FERNANDEZ FARRES, MARTA",CIUDAD ROS CASARES VALENCIA,12,2,6
2010,"BROWN, KIESHA LINDSAY",MANN FILTER ZARAGOZA,11,2,"5,5"
2010,"AGUILAR LOPEZ , ELISA",RIVAS ECOPOLIS,9,2,"4,5"
2010,"ZLATANOVA, JAKLIN",MANN FILTER ZARAGOZA,8,2,4
2010,"BERMEJO MORENO, CLARA SUSANA",RIVAS ECOPOLIS,7,2,"3,5"
2010,"SNELL, BELINDA ROSE",PERFUMERIAS AVENIDA,7,2,"3,5"
2010,"ROYO TORRES, MARIA ESTELA",MANN FILTER ZARAGOZA,6,2,3
2010,"GIMENO MARTINEZ, VEGA",RIVAS ECOPOLIS,5,2,"2,5"
2010,"MARTINEZ PRAT, NURIA",CIUDAD ROS CASARES VALENCIA,5,2,"2,5"
2009,"MILTON, DELISHA LACHELL",CIUDAD ROS CASARES VALENCIA,77,4,"19,25"
2009,"LYTTLE LYTTLE, SANCHO TRACY CONSTANCE",PERFUMERIAS AVENIDA,66,4,"16,5"
2009,"LANGHORNE , CRYSTAL ALLISON",RIVAS ECOPOLIS,31,2,"15,5"
2009,"DE SOUZA MACHADO, ERIKA CRISTINA",CIUDAD ROS CASARES VALENCIA,60,4,15
2009,"FEASTER, ALISON",MANN FILTER ZARAGOZA,26,2,13
2009,"DOMINGUEZ FERNANDEZ, SILVIA",PERFUMERIAS AVENIDA,48,4,12
2009,"SNELL, BELINDA ROSE",CIUDAD ROS CASARES VALENCIA,47,4,"11,75"
2009,"UJHELYI, PETRA",RIVAS ECOPOLIS,23,2,"11,5"
2009,"CRUZ LEBRATO, ANNA",RIVAS ECOPOLIS,23,2,"11,5"
2009,"TORRENS SALOM, ALBA",PERFUMERIAS AVENIDA,46,4,"11,5"
2009,"VALDEMORO MADARIAGA, AMAYA",CIUDAD ROS CASARES VALENCIA,39,4,"9,75"
2009,"PASCUA SUAREZ, MARÍA LUCILA",MANN FILTER ZARAGOZA,19,2,"9,5"
2009,"SANCHEZ FERNANDEZ, ISABEL",PERFUMERIAS AVENIDA,35,4,"8,75"
2009,"MONDT, ANKE DE",PERFUMERIAS AVENIDA,33,4,"8,25"
2009,"MONTAÑANA GIMENO, ANNA",CIUDAD ROS CASARES VALENCIA,31,4,"7,75"
2009,"ABROMAITE, AGNE",MANN FILTER ZARAGOZA,15,2,"7,5"
2009,"JOENS, CATHERINE ELISABETH",RIVAS ECOPOLIS,15,2,"7,5"
2009,"WILLINGHAM, LE`COE LOUISE",PERFUMERIAS AVENIDA,29,4,"7,25"
2009,"DUBLJEVIC, JELENA",RIVAS ECOPOLIS,14,2,7
2009,"STEN, TIINA IRENE",MANN FILTER ZARAGOZA,13,2,"6,5"
2009,"PALOMARES VALIENTE, PAULA",MANN FILTER ZARAGOZA,13,2,"6,5"
2009,"BERMEJO MORENO, CLARA SUSANA",RIVAS ECOPOLIS,12,2,6
2009,"PALAU ALTES, LAIA",CIUDAD ROS CASARES VALENCIA,22,4,"5,5"
2009,"DRLJACA, LJUBICA",CIUDAD ROS CASARES VALENCIA,10,2,5
2009,"OUVIÑA MODREGO, CRISTINA",MANN FILTER ZARAGOZA,10,2,5
2009,"VESELA, JANA",CIUDAD ROS CASARES VALENCIA,19,4,"4,75"
2009,"LIMA GARCIA, CINDY ORQUIDEA",CIUDAD ROS CASARES VALENCIA,4,1,4
2009,"DICKSON, JESSICA",MANN FILTER ZARAGOZA,7,2,"3,5"
2009,"TORNIKIDOU TORNIKIDOU, ELENA",RIVAS ECOPOLIS,6,2,3
2009,"DA SILVA, KATIA",MANN FILTER ZARAGOZA,6,2,3
2009,"MILTON, DELISHA LACHELL",CIUDAD ROS CASARES VALENCIA,77,4,"19,25"
2009,"LYTTLE LYTTLE, SANCHO TRACY CONSTANCE",PERFUMERIAS AVENIDA,66,4,"16,5"
2009,"LANGHORNE , CRYSTAL ALLISON",RIVAS ECOPOLIS,31,2,"15,5"
2009,"DE SOUZA MACHADO, ERIKA CRISTINA",CIUDAD ROS CASARES VALENCIA,60,4,15
2009,"FEASTER, ALISON",MANN FILTER ZARAGOZA,26,2,13
2009,"DOMINGUEZ FERNANDEZ, SILVIA",PERFUMERIAS AVENIDA,48,4,12
2009,"SNELL, BELINDA ROSE",CIUDAD ROS CASARES VALENCIA,47,4,"11,75"
2009,"UJHELYI, PETRA",RIVAS ECOPOLIS,23,2,"11,5"
2009,"CRUZ LEBRATO, ANNA",RIVAS ECOPOLIS,23,2,"11,5"
2009,"TORRENS SALOM, ALBA",PERFUMERIAS AVENIDA,46,4,"11,5"
2009,"VALDEMORO MADARIAGA, AMAYA",CIUDAD ROS CASARES VALENCIA,39,4,"9,75"
2009,"PASCUA SUAREZ, MARÍA LUCILA",MANN FILTER ZARAGOZA,19,2,"9,5"
2009,"SANCHEZ FERNANDEZ, ISABEL",PERFUMERIAS AVENIDA,35,4,"8,75"
2009,"MONDT, ANKE DE",PERFUMERIAS AVENIDA,33,4,"8,25"
2009,"MONTAÑANA GIMENO, ANNA",CIUDAD ROS CASARES VALENCIA,31,4,"7,75"
2009,"ABROMAITE, AGNE",MANN FILTER ZARAGOZA,15,2,"7,5"
2009,"JOENS, CATHERINE ELISABETH",RIVAS ECOPOLIS,15,2,"7,5"
2009,"WILLINGHAM, LE`COE LOUISE",PERFUMERIAS AVENIDA,29,4,"7,25"
2009,"DUBLJEVIC, JELENA",RIVAS ECOPOLIS,14,2,7
2009,"STEN, TIINA IRENE",MANN FILTER ZARAGOZA,13,2,"6,5"
2009,"PALOMARES VALIENTE, PAULA",MANN FILTER ZARAGOZA,13,2,"6,5"
2009,"BERMEJO MORENO, CLARA SUSANA",RIVAS ECOPOLIS,12,2,6
2009,"PALAU ALTES, LAIA",CIUDAD ROS CASARES VALENCIA,22,4,"5,5"
2009,"DRLJACA, LJUBICA",CIUDAD ROS CASARES VALENCIA,10,2,5
2009,"OUVIÑA MODREGO, CRISTINA",MANN FILTER ZARAGOZA,10,2,5
2009,"VESELA, JANA",CIUDAD ROS CASARES VALENCIA,19,4,"4,75"
2009,"LIMA GARCIA, CINDY ORQUIDEA",CIUDAD ROS CASARES VALENCIA,4,1,4
2009,"DICKSON, JESSICA",MANN FILTER ZARAGOZA,7,2,"3,5"
2009,"TORNIKIDOU TORNIKIDOU, ELENA",RIVAS ECOPOLIS,6,2,3
2009,"DA SILVA, KATIA",MANN FILTER ZARAGOZA,6,2,3
2008,"HODGES, RONEEKA RAYSHELL",RIVAS ECÓPOLIS,52,3,"17,33"
2008,"MURPHY, ESHAYA MARIE",CB FEVE SAN JOSÉ,30,2,15
2008,"MILTON, DELISHA LACHELL",CIUDAD ROS CASARES,59,4,"14,75"
2008,"VALDEMORO MADARIAGA, AMAYA",CIUDAD ROS CASARES,56,4,14
2008,"WILLINGHAM, LE`COE LOUISE",PERFUMERIAS AVENIDA,64,5,"12,8"
2008,"DE SOUZA MACHADO, ERIKA CRISTINA",CIUDAD ROS CASARES,48,4,12
2008,"REVUELTO SÁNCHEZ-AGUILERA, MARIA",CB FEVE SAN JOSÉ,23,2,"11,5"
2008,"ABALDE DIAZ, TAMARA",RIVAS ECÓPOLIS,34,3,"11,33"
2008,"MONTAÑANA GIMENO, ANNA",CIUDAD ROS CASARES,44,4,11
2008,"RILEY, RUTH ELLEN",RIVAS ECÓPOLIS,31,3,"10,33"
2008,"SNOW, MICHELLE",PERFUMERIAS AVENIDA,50,5,10
2008,"WIGGINS, CANDICE DANA",CIUDAD ROS CASARES,39,4,"9,75"
2008,"BASKO , GUNTA",PERFUMERIAS AVENIDA,48,5,"9,6"
2008,"SANCHEZ FERNANDEZ, ISABEL",PERFUMERIAS AVENIDA,48,5,"9,6"
2008,"DUBLJEVIC, JELENA",RIVAS ECÓPOLIS,28,3,"9,33"
2008,"MONDT, ANKE DE",PERFUMERIAS AVENIDA,46,5,"9,2"
2008,"THORBURN, SHONA LOUISE",CB FEVE SAN JOSÉ,18,2,9
2008,"PALAU ALTES, LAIA",CIUDAD ROS CASARES,32,4,8
2008,"AGUILAR LOPEZ , ELISA",CIUDAD ROS CASARES,29,4,"7,25"
2008,"PASCUA SUAREZ, MARÍA LUCILA",CB FEVE SAN JOSÉ,14,2,7
2008,"LIMA GARCIA, CINDY ORQUIDEA",CB FEVE SAN JOSÉ,13,2,"6,5"
2008,"BUTLER, KIMBERLY JOY",CB FEVE SAN JOSÉ,13,2,"6,5"
2008,"VESELA, JANA",CIUDAD ROS CASARES,25,4,"6,25"
2008,"SEGUI CARLES, PAULA",CB FEVE SAN JOSÉ,11,2,"5,5"
2008,"STAMPALIJA, PETRA",PERFUMERIAS AVENIDA,27,5,"5,4"
2008,"ROVIRA RODRIGUEZ, MARIA DEL MAR",PERFUMERIAS AVENIDA,26,5,"5,2"
2008,"PINA TOLOSA, MARIA",CB FEVE SAN JOSÉ,10,2,5
2008,"UJHELYI, PETRA",RIVAS ECÓPOLIS,15,3,5
2008,"TORNIKIDOU TORNIKIDOU, ELENA",CIUDAD ROS CASARES,7,2,"3,5"
2008,"BERMEJO MORENO, CLARA SUSANA",RIVAS ECÓPOLIS,10,3,"3,33"
2008,"HODGES, RONEEKA RAYSHELL",RIVAS ECÓPOLIS,52,3,"17,33"
2008,"MURPHY, ESHAYA MARIE",CB FEVE SAN JOSÉ,30,2,15
2008,"MILTON, DELISHA LACHELL",CIUDAD ROS CASARES,59,4,"14,75"
2008,"VALDEMORO MADARIAGA, AMAYA",CIUDAD ROS CASARES,56,4,14
2008,"WILLINGHAM, LE`COE LOUISE",PERFUMERIAS AVENIDA,64,5,"12,8"
2008,"DE SOUZA MACHADO, ERIKA CRISTINA",CIUDAD ROS CASARES,48,4,12
2008,"REVUELTO SÁNCHEZ-AGUILERA, MARIA",CB FEVE SAN JOSÉ,23,2,"11,5"
2008,"ABALDE DIAZ, TAMARA",RIVAS ECÓPOLIS,34,3,"11,33"
2008,"MONTAÑANA GIMENO, ANNA",CIUDAD ROS CASARES,44,4,11
2008,"RILEY, RUTH ELLEN",RIVAS ECÓPOLIS,31,3,"10,33"
2008,"SNOW, MICHELLE",PERFUMERIAS AVENIDA,50,5,10
2008,"WIGGINS, CANDICE DANA",CIUDAD ROS CASARES,39,4,"9,75"
2008,"BASKO , GUNTA",PERFUMERIAS AVENIDA,48,5,"9,6"
2008,"SANCHEZ FERNANDEZ, ISABEL",PERFUMERIAS AVENIDA,48,5,"9,6"
2008,"DUBLJEVIC, JELENA",RIVAS ECÓPOLIS,28,3,"9,33"
2008,"MONDT, ANKE DE",PERFUMERIAS AVENIDA,46,5,"9,2"
2008,"THORBURN, SHONA LOUISE",CB FEVE SAN JOSÉ,18,2,9
2008,"PALAU ALTES, LAIA",CIUDAD ROS CASARES,32,4,8
2008,"AGUILAR LOPEZ , ELISA",CIUDAD ROS CASARES,29,4,"7,25"
2008,"PASCUA SUAREZ, MARÍA LUCILA",CB FEVE SAN JOSÉ,14,2,7
2008,"LIMA GARCIA, CINDY ORQUIDEA",CB FEVE SAN JOSÉ,13,2,"6,5"
2008,"BUTLER, KIMBERLY JOY",CB FEVE SAN JOSÉ,13,2,"6,5"
2008,"VESELA, JANA",CIUDAD ROS CASARES,25,4,"6,25"
2008,"SEGUI CARLES, PAULA",CB FEVE SAN JOSÉ,11,2,"5,5"
2008,"STAMPALIJA, PETRA",PERFUMERIAS AVENIDA,27,5,"5,4"
2008,"ROVIRA RODRIGUEZ, MARIA DEL MAR",PERFUMERIAS AVENIDA,26,5,"5,2"
2008,"PINA TOLOSA, MARIA",CB FEVE SAN JOSÉ,10,2,5
2008,"UJHELYI, PETRA",RIVAS ECÓPOLIS,15,3,5
2008,"TORNIKIDOU TORNIKIDOU, ELENA",CIUDAD ROS CASARES,7,2,"3,5"
2008,"BERMEJO MORENO, CLARA SUSANA",RIVAS ECÓPOLIS,10,3,"3,33"
2007,"DOUGLAS, KATHRYN",C. ROS CASARES VALENCIA,96,5,"19,2"
2007,"MONTAÑANA GIMENO, ANNA",PERFUMERIAS AVENIDA,96,6,16
2007,"LILJESTRAND, THYRA LINNEA",EBE PROMOCIONES SANTA EULALIAI,42,3,14
2007,"LYTTLE LYTTLE, SANCHO TRACY CONSTANCE",EBE PROMOCIONES SANTA EULALIAI,41,3,"13,67"
2007,"MILTON, DELISHA LACHELL",C. ROS CASARES VALENCIA,68,5,"13,6"
2007,"PAGE, LINDA A. MURRIEL",CLUB BALONCESTO SAN JOSÉ,26,2,13
2007,"MORALES MARTIN, SILVIA",EBE PROMOCIONES SANTA EULALIAI,38,3,"12,67"
2007,"MONDT, ANKE DE",PERFUMERIAS AVENIDA,75,6,"12,5"
2007,"FEASTER, ALISON",CLUB BALONCESTO SAN JOSÉ,25,2,"12,5"
2007,"MATIC , IVANKA",PERFUMERIAS AVENIDA,72,6,12
2007,"DE SOUZA MACHADO, ERIKA CRISTINA",C. ROS CASARES VALENCIA,58,5,"11,6"
2007,"TORNIKIDOU TORNIKIDOU, ELENA",C. ROS CASARES VALENCIA,55,5,11
2007,"BERMEJO MORENO, CLARA SUSANA",PERFUMERIAS AVENIDA,62,6,"10,33"
2007,"SANCHEZ FERNANDEZ, ISABEL",PERFUMERIAS AVENIDA,55,6,"9,17"
2007,"THORBURN, SHONA LOUISE",EBE PROMOCIONES SANTA EULALIAI,26,3,"8,67"
2007,"RASMUSSEN, KRISTEN",EBE PROMOCIONES SANTA EULALIAI,25,3,"8,33"
2007,"AGUILAR LOPEZ , ELISA",C. ROS CASARES VALENCIA,37,5,"7,4"
2007,"GOMEZ IGUAL, ANNA",CLUB BALONCESTO SAN JOSÉ,7,1,7
2007,"PONS MOLINA, INGRID",EBE PROMOCIONES SANTA EULALIAI,18,3,6
2007,"COHEN, LIRON",CLUB BALONCESTO SAN JOSÉ,12,2,6
2007,"MALTSI, EVANTHIA",C. ROS CASARES VALENCIA,28,5,"5,6"
2007,"PASCUA SUAREZ, MARÍA LUCILA",CLUB BALONCESTO SAN JOSÉ,11,2,"5,5"
2007,"LIMA GARCIA, CINDY ORQUIDEA",CLUB BALONCESTO SAN JOSÉ,10,2,5
2007,"REID, TRACY LASHAWN",PERFUMERIAS AVENIDA,29,6,"4,83"
2007,"PALAU ALTES, LAIA",C. ROS CASARES VALENCIA,24,5,"4,8"
2007,"BATTLE , ASHLEY MICHELLE",CLUB BALONCESTO SAN JOSÉ,9,2,"4,5"
2007,"JORDANA BOFILL, NOEMI",C. ROS CASARES VALENCIA,15,4,"3,75"
2007,"SEGUI CARLES, PAULA",CLUB BALONCESTO SAN JOSÉ,7,2,"3,5"
2007,"FERRAGUT CASTILLO, MARINA",C. ROS CASARES VALENCIA,14,5,"2,8"
2007,"ALAÑA SEGURA, SHEILA",PERFUMERIAS AVENIDA,16,6,"2,67"
2007,"DOUGLAS, KATHRYN",C. ROS CASARES VALENCIA,96,5,"19,2"
2007,"MONTAÑANA GIMENO, ANNA",PERFUMERIAS AVENIDA,96,6,16
2007,"LILJESTRAND, THYRA LINNEA",EBE PROMOCIONES SANTA EULALIAI,42,3,14
2007,"LYTTLE LYTTLE, SANCHO TRACY CONSTANCE",EBE PROMOCIONES SANTA EULALIAI,41,3,"13,67"
2007,"MILTON, DELISHA LACHELL",C. ROS CASARES VALENCIA,68,5,"13,6"
2007,"PAGE, LINDA A. MURRIEL",CLUB BALONCESTO SAN JOSÉ,26,2,13
2007,"MORALES MARTIN, SILVIA",EBE PROMOCIONES SANTA EULALIAI,38,3,"12,67"
2007,"MONDT, ANKE DE",PERFUMERIAS AVENIDA,75,6,"12,5"
2007,"FEASTER, ALISON",CLUB BALONCESTO SAN JOSÉ,25,2,"12,5"
2007,"MATIC , IVANKA",PERFUMERIAS AVENIDA,72,6,12
2007,"DE SOUZA MACHADO, ERIKA CRISTINA",C. ROS CASARES VALENCIA,58,5,"11,6"
2007,"TORNIKIDOU TORNIKIDOU, ELENA",C. ROS CASARES VALENCIA,55,5,11
2007,"BERMEJO MORENO, CLARA SUSANA",PERFUMERIAS AVENIDA,62,6,"10,33"
2007,"SANCHEZ FERNANDEZ, ISABEL",PERFUMERIAS AVENIDA,55,6,"9,17"
2007,"THORBURN, SHONA LOUISE",EBE PROMOCIONES SANTA EULALIAI,26,3,"8,67"
2007,"RASMUSSEN, KRISTEN",EBE PROMOCIONES SANTA EULALIAI,25,3,"8,33"
2007,"AGUILAR LOPEZ , ELISA",C. ROS CASARES VALENCIA,37,5,"7,4"
2007,"GOMEZ IGUAL, ANNA",CLUB BALONCESTO SAN JOSÉ,7,1,7
2007,"PONS MOLINA, INGRID",EBE PROMOCIONES SANTA EULALIAI,18,3,6
2007,"COHEN, LIRON",CLUB BALONCESTO SAN JOSÉ,12,2,6
2007,"MALTSI, EVANTHIA",C. ROS CASARES VALENCIA,28,5,"5,6"
2007,"PASCUA SUAREZ, MARÍA LUCILA",CLUB BALONCESTO SAN JOSÉ,11,2,"5,5"
2007,"LIMA GARCIA, CINDY ORQUIDEA",CLUB BALONCESTO SAN JOSÉ,10,2,5
2007,"REID, TRACY LASHAWN",PERFUMERIAS AVENIDA,29,6,"4,83"
2007,"PALAU ALTES, LAIA",C. ROS CASARES VALENCIA,24,5,"4,8"
2007,"BATTLE , ASHLEY MICHELLE",CLUB BALONCESTO SAN JOSÉ,9,2,"4,5"
2007,"JORDANA BOFILL, NOEMI",C. ROS CASARES VALENCIA,15,4,"3,75"
2007,"SEGUI CARLES, PAULA",CLUB BALONCESTO SAN JOSÉ,7,2,"3,5"
2007,"FERRAGUT CASTILLO, MARINA",C. ROS CASARES VALENCIA,14,5,"2,8"
2007,"ALAÑA SEGURA, SHEILA",PERFUMERIAS AVENIDA,16,6,"2,67"
2006,"CASTRO MARQUES, IZIANE",HONDARRIBIA-IRÚN,52,2,26
2006,"POWELL, NICOLE KRISTEN",PERFUMERIAS AVENIDA,209,9,"23,22"
2006,"FERNANDEZ FARRES, MARTA",UB F.C BARCELONA,104,5,"20,8"
2006,"SANCHEZ FERNANDEZ, ISABEL",ACIS INCOSA LEON,34,2,17
2006,"TUUKKANEN, TARU TELLERVO",EXTRUGASA,32,2,16
2006,"MONDT, ANKE DE",ARRANZ-JOPISA BURGOS,64,4,16
2006,"PAGE, LINDA A. MURRIEL",HONDARRIBIA-IRÚN,29,2,"14,5"
2006,"DE SOUZA MACHADO, ERIKA CRISTINA",C. ROS CASARES VALENCIA,132,10,"13,2"
2006,"REID, TRACY LASHAWN",ACIS INCOSA LEON,26,2,13
2006,"WILLIAMS, ADRIAN DENISE",PERFUMERIAS AVENIDA,111,9,"12,33"
2006,"SCHUMACHER, KELLY MARIE",UB F.C BARCELONA,60,5,12
2006,"BATTLE , ASHLEY MICHELLE",GRAN CANARIA,24,2,12
2006,"MILTON, DELISHA LACHELL",C. ROS CASARES VALENCIA,119,10,"11,9"
2006,"AGUILAR LOPEZ , ELISA",C. ROS CASARES VALENCIA,114,10,"11,4"
2006,"ZURRO ALFONSO, MARTA",ARRANZ-JOPISA BURGOS,44,4,11
2006,"MONTAÑANA GIMENO, ANNA",PERFUMERIAS AVENIDA,92,9,"10,22"
2006,"ALAMO GONZALEZ, ELENA",GRAN CANARIA,20,2,10
2006,"PALAU ALTES, LAIA",C. ROS CASARES VALENCIA,98,10,"9,8"
2006,"GOMEZ FERREIROS, SARA",EXTRUGASA,19,2,"9,5"
2006,"DA SILVA SANTOS, KELLY",ACIS INCOSA LEON,19,2,"9,5"
2006,"ROVIRA RODRIGUEZ, MARIA DEL MAR",ACIS INCOSA LEON,18,2,9
2006,"CRUZ LEBRATO, ANNA",ARRANZ-JOPISA BURGOS,36,4,9
2006,"HILL, JOANNE KAY",EXTRUGASA,17,2,"8,5"
2006,"TORNIKIDOU TORNIKIDOU, ELENA",C. ROS CASARES VALENCIA,84,10,"8,4"
2006,"UJHELYI, PETRA",ARRANZ-JOPISA BURGOS,33,4,"8,25"
2006,"MUSOVIC, MILJANA",UB F.C BARCELONA,38,5,"7,6"
2006,"TAMANE, ZANE",UB F.C BARCELONA,37,5,"7,4"
2006,"DOMINGUEZ FERNANDEZ, SILVIA",PERFUMERIAS AVENIDA,66,9,"7,33"
2006,"MUJANOVIC, RAZIJA",HONDARRIBIA-IRÚN,14,2,7
2006,"WYCKOFF, BROOKE ELIZABETH",GRAN CANARIA,14,2,7
2006,"MONTESDEOCA LOPEZ, EVA",GRAN CANARIA,5,2,"2,5"
2006,"SUAREZ UTRERO, ANA MARIA",HONDARRIBIA-IRÚN,5,2,"2,5"
2006,"LAAKSONEN, NIINA KAROLINA",GRAN CANARIA,3,2,"1,5"
2006,"HAJDUNE CSASZAR, ANDREA",HONDARRIBIA-IRÚN,3,2,"1,5"
2006,"XANTAL SERRET, Mª DEL MAR",GRAN CANARIA,3,2,"1,5"
2006,"ARDON, LESLIE",EXTRUGASA,3,2,"1,5"
2006,"REVILLA FERNANDEZ, LETICIA",ARRANZ-JOPISA BURGOS,4,3,"1,33"
2006,"ANTOJA ROVIRA, LAURA",HONDARRIBIA-IRÚN,2,2,1
2006,"GINES GONZALEZ, MARTA",ACIS INCOSA LEON,2,2,1
2006,"GOMEZ SANDO, GERTRUDIS",EXTRUGASA,2,2,1
2006,"DE BENAVIDES GABERNET, CARLA MARIA",C. ROS CASARES VALENCIA,2,2,1
2006,"KNEZEVIC, ADRIJANA",PERFUMERIAS AVENIDA,2,4,"0,5"
2006,"VILLAR FERNANDEZ, IRIA",ARRANZ-JOPISA BURGOS,1,4,"0,25"
2006,"MONTESDEOCA LOPEZ, EVA",GRAN CANARIA,5,2,"2,5"
2006,"SUAREZ UTRERO, ANA MARIA",HONDARRIBIA-IRÚN,5,2,"2,5"
2006,"LAAKSONEN, NIINA KAROLINA",GRAN CANARIA,3,2,"1,5"
2006,"HAJDUNE CSASZAR, ANDREA",HONDARRIBIA-IRÚN,3,2,"1,5"
2006,"XANTAL SERRET, Mª DEL MAR",GRAN CANARIA,3,2,"1,5"
2006,"ARDON, LESLIE",EXTRUGASA,3,2,"1,5"
2006,"REVILLA FERNANDEZ, LETICIA",ARRANZ-JOPISA BURGOS,4,3,"1,33"
2006,"ANTOJA ROVIRA, LAURA",HONDARRIBIA-IRÚN,2,2,1
2006,"GINES GONZALEZ, MARTA",ACIS INCOSA LEON,2,2,1
2006,"GOMEZ SANDO, GERTRUDIS",EXTRUGASA,2,2,1
2006,"DE BENAVIDES GABERNET, CARLA MARIA",C. ROS CASARES VALENCIA,2,2,1
2006,"KNEZEVIC, ADRIJANA",PERFUMERIAS AVENIDA,2,4,"0,5"
2006,"VILLAR FERNANDEZ, IRIA",ARRANZ-JOPISA BURGOS,1,4,"0,25"
2005,"YGUERAVIDE VIANA, SANDRA",ARRANZ-JOPISA BURGOS,2,2,1
2005,"MAKSIMOVIC, JELENA",ACIS INCOSA LEON,2,2,1
2005,"DYDEK, MARTA KRYSTYNA",USP CEU - ADECCO ESTUDIANTES,2,2,1
2005,"DELGADO DIAZ-GUEMES, RAQUEL",HONDARRIBIA-IRÚN,2,2,1
2005,"YGUERAVIDE VIANA, SANDRA",ARRANZ-JOPISA BURGOS,2,2,1
2005,"MAKSIMOVIC, JELENA",ACIS INCOSA LEON,2,2,1
2005,"DYDEK, MARTA KRYSTYNA",USP CEU - ADECCO ESTUDIANTES,2,2,1
2005,"DELGADO DIAZ-GUEMES, RAQUEL",HONDARRIBIA-IRÚN,2,2,1
2005,"YGUERAVIDE VIANA, SANDRA",ARRANZ-JOPISA BURGOS,2,2,1
2005,"MAKSIMOVIC, JELENA",ACIS INCOSA LEON,2,2,1
2005,"DYDEK, MARTA KRYSTYNA",USP CEU - ADECCO ESTUDIANTES,2,2,1
2005,"DELGADO DIAZ-GUEMES, RAQUEL",HONDARRIBIA-IRÚN,2,2,1
2004,"WYCKOFF, BROOKE ELIZABETH",YAYA MARIA BREOGAN,98,13,"7,54"
2004,"ALAMO GONZALEZ, ELENA",CAJACANARIAS,177,24,"7,38"
2004,"REVUELTO SÁNCHEZ-AGUILERA, MARIA",REAL CLUB CELTA VIGOURBAN,183,26,"7,04"
2004,"PASCUA SUAREZ, MARÍA LUCILA",MANN FILTER ZARAGOZA,179,26,"6,88"
2004,"HERNANDEZ ESTEBAN, SILVIA",MOTIVA REAL CANOE N.C.,170,25,"6,8"
2004,"BORGES DOS REIS, SONIA",YAYA MARIA BREOGAN,86,13,"6,62"
2004,"CANTERO OSTOS, CRISTINA",REAL CLUB CELTA VIGOURBAN,140,22,"6,36"
2004,"PELAEZ SAN GIL, LOURDES",HONDARRIBIA - IRÚN,158,25,"6,32"
2004,"BERMEJO MORENO, CLARA SUSANA",MANN FILTER ZARAGOZA,163,26,"6,27"
2004,"TEMNIK, KATJA",C.B. PUIG D`EN VALLS SANTA EUL,162,26,"6,23"
2004,"MANDACHE, SIMINA ANDRA",EXTRUGASA,81,13,"6,23"
2004,"BERTAL, GERALDINE MARIE ROSE",ARRANZ - JOPISA BURGOS,141,23,"6,13"
2004,"GOMEZ IGUAL, ANNA",C.B. PUIG D`EN VALLS SANTA EUL,159,26,"6,12"
2004,"TUURE, KAISA MARKETTA",YAYA MARIA BREOGAN,158,26,"6,08"
2004,"JORDANA BOFILL, NOEMI",ROS CASARES VALENCIA,148,26,"5,69"
2004,"GARCIA TORRES, CRISTINA",UNIVERSITAT DE BARCELONA - F.C,138,25,"5,52"
2004,"CAMPS COLLELL, LAURA",PERFUMERIAS AVENIDA,129,24,"5,38"
2004,"VAN MALDEREN, LAURENCE",ACIS-SUFI LEON,69,13,"5,31"
2004,"CEBRIAN SCHEURER, ELISABET",UNIVERSITAT DE BARCELONA - F.C,136,26,"5,23"
2004,"JIMENEZ GALINDO, ANNA ISABEL",C.B. PUIG D`EN VALLS SANTA EUL,119,23,"5,17"
2004,"MARTINEZ PRAT, ROSER",YAYA MARIA BREOGAN,72,14,"5,14"
2004,"DONAIRE MALAGELADA, ELSA",ARRANZ - JOPISA BURGOS,131,26,"5,04"
2004,"GRANDE FLORES, LAURA",CAJACANARIAS,125,25,5
2004,"GOMEZ NOVO, MARIA ARANZAZU",C.B. PUIG D`EN VALLS SANTA EUL,71,15,"4,73"
2004,"ZIMERLE, ANNA",ROS CASARES VALENCIA,118,25,"4,72"
2004,"GOMEZ FERREIROS, SARA",EXTRUGASA,122,26,"4,69"
2004,"LLAMAS PAJUELO, MARIA NIEVES",PERFUMERIAS AVENIDA,93,20,"4,65"
2004,"ARDON, LESLIE",ACIS-SUFI LEON,59,13,"4,54"
2004,"SANCHEZ MUÑOZ, ALICIA",USP CEU - ADECCO ESTUDIANTES,90,20,"4,5"
2004,"GARCÍA SALINERO, LAURA",MOTIVA REAL CANOE N.C.,112,25,"4,48"
2004,"WYCKOFF, BROOKE ELIZABETH",YAYA MARIA BREOGAN,98,13,"7,54"
2004,"ALAMO GONZALEZ, ELENA",CAJACANARIAS,177,24,"7,38"
2004,"REVUELTO SÁNCHEZ-AGUILERA, MARIA",REAL CLUB CELTA VIGOURBAN,183,26,"7,04"
2004,"PASCUA SUAREZ, MARÍA LUCILA",MANN FILTER ZARAGOZA,179,26,"6,88"
2004,"HERNANDEZ ESTEBAN, SILVIA",MOTIVA REAL CANOE N.C.,170,25,"6,8"
2004,"BORGES DOS REIS, SONIA",YAYA MARIA BREOGAN,86,13,"6,62"
2004,"CANTERO OSTOS, CRISTINA",REAL CLUB CELTA VIGOURBAN,140,22,"6,36"
2004,"PELAEZ SAN GIL, LOURDES",HONDARRIBIA - IRÚN,158,25,"6,32"
2004,"BERMEJO MORENO, CLARA SUSANA",MANN FILTER ZARAGOZA,163,26,"6,27"
2004,"TEMNIK, KATJA",C.B. PUIG D`EN VALLS SANTA EUL,162,26,"6,23"
2004,"MANDACHE, SIMINA ANDRA",EXTRUGASA,81,13,"6,23"
2004,"BERTAL, GERALDINE MARIE ROSE",ARRANZ - JOPISA BURGOS,141,23,"6,13"
2004,"GOMEZ IGUAL, ANNA",C.B. PUIG D`EN VALLS SANTA EUL,159,26,"6,12"
2004,"TUURE, KAISA MARKETTA",YAYA MARIA BREOGAN,158,26,"6,08"
2004,"JORDANA BOFILL, NOEMI",ROS CASARES VALENCIA,148,26,"5,69"
2004,"GARCIA TORRES, CRISTINA",UNIVERSITAT DE BARCELONA - F.C,138,25,"5,52"
2004,"CAMPS COLLELL, LAURA",PERFUMERIAS AVENIDA,129,24,"5,38"
2004,"VAN MALDEREN, LAURENCE",ACIS-SUFI LEON,69,13,"5,31"
2004,"CEBRIAN SCHEURER, ELISABET",UNIVERSITAT DE BARCELONA - F.C,136,26,"5,23"
2004,"JIMENEZ GALINDO, ANNA ISABEL",C.B. PUIG D`EN VALLS SANTA EUL,119,23,"5,17"
2004,"MARTINEZ PRAT, ROSER",YAYA MARIA BREOGAN,72,14,"5,14"
2004,"DONAIRE MALAGELADA, ELSA",ARRANZ - JOPISA BURGOS,131,26,"5,04"
2004,"GRANDE FLORES, LAURA",CAJACANARIAS,125,25,5
2004,"GOMEZ NOVO, MARIA ARANZAZU",C.B. PUIG D`EN VALLS SANTA EUL,71,15,"4,73"
2004,"ZIMERLE, ANNA",ROS CASARES VALENCIA,118,25,"4,72"
2004,"GOMEZ FERREIROS, SARA",EXTRUGASA,122,26,"4,69"
2004,"LLAMAS PAJUELO, MARIA NIEVES",PERFUMERIAS AVENIDA,93,20,"4,65"
2004,"ARDON, LESLIE",ACIS-SUFI LEON,59,13,"4,54"
2004,"SANCHEZ MUÑOZ, ALICIA",USP CEU - ADECCO ESTUDIANTES,90,20,"4,5"
2004,"GARCÍA SALINERO, LAURA",MOTIVA REAL CANOE N.C.,112,25,"4,48"
2004,"KÜHN, KATHARINA CHARLOTTA",ACIS-SUFI LEON,110,26,"4,23"
2004,"POLLINI, CATARINA",ROS CASARES VALENCIA,69,17,"4,06"
2004,"ANTOJA ROVIRA, LAURA",UNIVERSITAT DE BARCELONA - F.C,96,24,4
2004,"BERGERON, EMMANUELLE SARAH SOPHIE",ARRANZ - JOPISA BURGOS,90,23,"3,91"
2004,"FORNS ESCUDE, NURIA",USP CEU - ADECCO ESTUDIANTES,97,25,"3,88"
2004,"GARCIA MATA, GEMA",REAL CLUB CELTA VIGOURBAN,98,26,"3,77"
2004,"PEREZ CAPARROS, ROSA",USP CEU - ADECCO ESTUDIANTES,96,26,"3,69"
2004,"ANTON LOPEZ, MONTSERRAT",USP CEU - ADECCO ESTUDIANTES,86,24,"3,58"
2004,"HAJDUNE CSASZAR, ANDREA",HONDARRIBIA - IRÚN,87,25,"3,48"
2004,"HERRERA AREVALO, MIRIAM",EXTRUGASA,80,23,"3,48"
2004,"MARCOS BENITO, BLANCA",PERFUMERIAS AVENIDA,86,25,"3,44"
2004,"DENTI MUNTANE, AINA",EXTRUGASA,72,21,"3,43"
2004,"GILABERT AVANTE, MONTSERRAT",EXTRUGASA,85,25,"3,4"
2004,"SEGUI CARLES, PAULA",UNIVERSITAT DE BARCELONA - F.C,81,24,"3,38"
2004,"YGUERAVIDE VIANA, SANDRA",PERFUMERIAS AVENIDA,80,25,"3,2"
2004,"GINES GONZALEZ, MARTA",ARRANZ - JOPISA BURGOS,76,24,"3,17"
2004,"GOMEZ IGLESIAS, REGINA",EXTRUGASA,75,24,"3,13"
2004,"LAAKSONEN, JENNI JANITA",C.B. PUIG D`EN VALLS SANTA EUL,80,26,"3,08"
2004,"FERRER PEREZ, ESTELA ROSA",ACIS-SUFI LEON,61,21,"2,9"
2004,"QUINTERO CASTELLANO, THANIA",HONDARRIBIA - IRÚN,67,24,"2,79"
2004,"ROYO TORRES, MARIA ESTELA",MANN FILTER ZARAGOZA,68,25,"2,72"
2004,"CRUZ LEBRATO, ANNA",UNIVERSITAT DE BARCELONA - F.C,41,16,"2,56"
2004,"ARAMBURU GARAYALDE, LEIRE",HONDARRIBIA - IRÚN,60,25,"2,4"
2004,"BOLEDA COLET, ANNA",ACIS-SUFI LEON,43,18,"2,39"
2004,"CASTRILLO VILLANUEVA, SARA",ACIS-SUFI LEON,47,20,"2,35"
2004,"ALAÑA SEGURA, SHEILA",REAL CLUB CELTA VIGOURBAN,33,16,"2,06"
2004,"MARTIN MERINO, BLANCA",YAYA MARIA BREOGAN,36,18,2
2004,"VILLAR FERNANDEZ, IRIA",C.B. PUIG D`EN VALLS SANTA EUL,52,26,2
2004,"BJORKLUND, JOHANNA HELENA",PERFUMERIAS AVENIDA,26,13,2
2004,"BARLIN, NINA ELISABETH",YAYA MARIA BREOGAN,24,13,"1,85"
2004,"DELGADO DIAZ-GUEMES, RAQUEL",HONDARRIBIA - IRÚN,39,25,"1,56"
2004,"PARDO VAZQUEZ, MARIA DEL CARMEN",USP CEU - ADECCO ESTUDIANTES,21,15,"1,4"
2004,"RAMIRO DIAZ, NURIA MARIA",ACIS-SUFI LEON,20,21,"0,95"
2004,"BARRANCO CASTILLO, ROSA MARIA",MANN FILTER ZARAGOZA,14,17,"0,82"
2004,"DELGADO DIAZ-GUEMES, RAQUEL",HONDARRIBIA - IRÚN,39,25,"1,56"
2004,"PARDO VAZQUEZ, MARIA DEL CARMEN",USP CEU - ADECCO ESTUDIANTES,21,15,"1,4"
2004,"RAMIRO DIAZ, NURIA MARIA",ACIS-SUFI LEON,20,21,"0,95"
2004,"BARRANCO CASTILLO, ROSA MARIA",MANN FILTER ZARAGOZA,14,17,"0,82"
2003,"TORNIKIDOU TORNIKIDOU, ELENA",P.C. MENDIBIL,98,4,"24,5"
2003,"BLAHUSKOVA, LUCIE",REAL CLUB CELTA BANCO SIMEON,43,2,"21,5"
2003,"PALOMARES VALIENTE, PAULA",USP CEU - ADECCO ESTUDIANTES,40,2,20
2003,"---, MURRIEL",P.C. MENDIBIL,77,4,"19,25"
2003,"VALDEMORO MADARIAGA, AMAYA",ROS CASARES VALENCIA,69,4,"17,25"
2003,"PALAU ALTES, LAIA",UNIVERSITAT DE BARCELONA - F.C,68,4,17
2003,"GALLEGO VICARIO, SANDRA",UNIVERSITAT DE BARCELONA - F.C,67,4,"16,75"
2003,"DE SOUZA MACHADO, ERIKA CRISTINA",UNIVERSITAT DE BARCELONA - F.C,59,4,"14,75"
2003,"FALLON, TRISHA NICOLE",ROS CASARES VALENCIA,59,4,"14,75"
2003,"SANCHEZ FERNANDEZ, ISABEL",UNIVERSITAT DE BARCELONA - F.C,58,4,"14,5"
2003,"PODRUG, EMILIJA",REAL CLUB CELTA BANCO SIMEON,29,2,"14,5"
2003,"TUUKKANEN, TARU TELLERVO",PERFUMERIAS AVENIDA,43,3,"14,33"
2003,"HAMCHETOU, MAIGA",YAYA MARIA BREOGAN,71,5,"14,2"
2003,"CUNNINGHAN, DAVALYN",YAYA MARIA BREOGAN,69,5,"13,8"
2003,"BLANCO BERNAL, SONIA",USP CEU - ADECCO ESTUDIANTES,27,2,"13,5"
2003,"NOLAN, DEANNA NICOLE",MANN FILTER ZARAGOZA,24,2,12
2003,"PASCUA SUAREZ, MARÍA LUCILA",MANN FILTER ZARAGOZA,24,2,12
2003,"GARCIA PIÑERO, MARIA BEGOÑA",MANN FILTER ZARAGOZA,24,2,12
2003,"CEBRIAN SCHEURER, ELISABET",USP CEU - ADECCO ESTUDIANTES,23,2,"11,5"
2003,"MARTINEZ PRAT, NURIA",PERFUMERIAS AVENIDA,34,3,"11,33"
2003,"DAPO, AMRA",PERFUMERIAS AVENIDA,34,3,"11,33"
2003,"BERTHIEU, LUCCIENNE CLAUDINE",ROS CASARES VALENCIA,44,4,11
2003,"PELAEZ SAN GIL, LOURDES",P.C. MENDIBIL,44,4,11
2003,"JORDANA BOFILL, NOEMI",REAL CLUB CELTA BANCO SIMEON,22,2,11
2003,"HOLLAND CORN, KEDRA",ROS CASARES VALENCIA,42,4,"10,5"
2003,"FERNANDEZ FARRES, MARTA",ROS CASARES VALENCIA,40,4,10
2003,"GOMEZ IGLESIAS, REGINA",YAYA MARIA BREOGAN,43,5,"8,6"
2003,"SALGADO SANCHEZ, IRENE",YAYA MARIA BREOGAN,43,5,"8,6"
2003,"AGUILAR LOPEZ , ELISA",ROS CASARES VALENCIA,32,4,8
2003,"CASTRO MARQUES, IZIANE",PERFUMERIAS AVENIDA,23,3,"7,67"
2003,"SMOLKA CABEZAS, EVA",ROS CASARES VALENCIA,4,2,2
2003,"QUINTERO CASTELLANO, THANIA",P.C. MENDIBIL,7,4,"1,75"
2003,"ROVIRA RODRIGUEZ, MARIA DEL MAR",UNIVERSITAT DE BARCELONA - F.C,5,4,"1,25"
2003,"FORNS ESCUDE, NURIA",USP CEU - ADECCO ESTUDIANTES,2,2,1
2003,"PRIETO RODRÍGUEZ, PAOLA",PERFUMERIAS AVENIDA,1,1,1
2003,"NAVARRO LLORCA, CANDIDA",P.C. MENDIBIL,4,4,1
2003,"JUANES HERNANDEZ, YOLANDA",PERFUMERIAS AVENIDA,1,2,"0,5"
2003,"SMOLKA CABEZAS, EVA",ROS CASARES VALENCIA,4,2,2
2003,"QUINTERO CASTELLANO, THANIA",P.C. MENDIBIL,7,4,"1,75"
2003,"ROVIRA RODRIGUEZ, MARIA DEL MAR",UNIVERSITAT DE BARCELONA - F.C,5,4,"1,25"
2003,"FORNS ESCUDE, NURIA",USP CEU - ADECCO ESTUDIANTES,2,2,1
2003,"PRIETO RODRÍGUEZ, PAOLA",PERFUMERIAS AVENIDA,1,1,1
2003,"NAVARRO LLORCA, CANDIDA",P.C. MENDIBIL,4,4,1
2003,"JUANES HERNANDEZ, YOLANDA",PERFUMERIAS AVENIDA,1,2,"0,5"
2002,"MIRCHANDANI VILLAR, LIDIA",ROS CASARES VALENCIA,5,4,"1,25"
2002,"ALAÑA SEGURA, SHEILA",C.B. CIUDAD DE BURGOS,2,2,1
2002,"SANTOS DE OLIVEIRA, RENATA",REAL CLUB CELTA BANCO SIMEON,2,2,1
2002,"SOTO FERNÁNDEZ, MARÍA VICTORIA",C.B. CIUDAD DE BURGOS,2,2,1
2002,"SECO SALVADOR, TERESA",FILTROS MANN ZARAGOZA,3,4,"0,75"
2002,"MIRCHANDANI VILLAR, LIDIA",ROS CASARES VALENCIA,5,4,"1,25"
2002,"ALAÑA SEGURA, SHEILA",C.B. CIUDAD DE BURGOS,2,2,1
2002,"SANTOS DE OLIVEIRA, RENATA",REAL CLUB CELTA BANCO SIMEON,2,2,1
2002,"SOTO FERNÁNDEZ, MARÍA VICTORIA",C.B. CIUDAD DE BURGOS,2,2,1
2002,"SECO SALVADOR, TERESA",FILTROS MANN ZARAGOZA,3,4,"0,75"
2002,"MIRCHANDANI VILLAR, LIDIA",ROS CASARES VALENCIA,5,4,"1,25"
2002,"ALAÑA SEGURA, SHEILA",C.B. CIUDAD DE BURGOS,2,2,1
2002,"SANTOS DE OLIVEIRA, RENATA",REAL CLUB CELTA BANCO SIMEON,2,2,1
2002,"SOTO FERNÁNDEZ, MARÍA VICTORIA",C.B. CIUDAD DE BURGOS,2,2,1
2002,"SECO SALVADOR, TERESA",FILTROS MANN ZARAGOZA,3,4,"0,75"
2001,"JUANES HERNANDEZ, YOLANDA",HALCON VIAJES,4,2,2
2001,"RIVERES ESPARZA, PATRICIA",FILTROS MANN ZARAGOZA,6,3,2
2001,"MULDERS, SUSANNE",UNIVERSITAT DE BARCELONA B.F.,2,1,2
2001,"VILLAR FERNANDEZ, IRIA",REAL CLUB CELTA BANCO SIMEON,9,5,"1,8"
2001,"MONTESDEOCA LÓPEZ, EVA",CAJA RURAL DE CANARIAS,3,2,"1,5"
2001,"PIQUE SOLE, MERITXELL",CADI LA SEU D´URGELL,3,2,"1,5"
2001,"BEZOS MARTÍNEZ, EMMA",HALCON VIAJES,2,2,1
2001,"JUANES HERNANDEZ, YOLANDA",HALCON VIAJES,4,2,2
2001,"RIVERES ESPARZA, PATRICIA",FILTROS MANN ZARAGOZA,6,3,2
2001,"MULDERS, SUSANNE",UNIVERSITAT DE BARCELONA B.F.,2,1,2
2001,"VILLAR FERNANDEZ, IRIA",REAL CLUB CELTA BANCO SIMEON,9,5,"1,8"
2001,"MONTESDEOCA LÓPEZ, EVA",CAJA RURAL DE CANARIAS,3,2,"1,5"
2001,"PIQUE SOLE, MERITXELL",CADI LA SEU D´URGELL,3,2,"1,5"
2001,"BEZOS MARTÍNEZ, EMMA",HALCON VIAJES,2,2,1
2001,"JUANES HERNANDEZ, YOLANDA",HALCON VIAJES,4,2,2
2001,"RIVERES ESPARZA, PATRICIA",FILTROS MANN ZARAGOZA,6,3,2
2001,"MULDERS, SUSANNE",UNIVERSITAT DE BARCELONA B.F.,2,1,2
2001,"VILLAR FERNANDEZ, IRIA",REAL CLUB CELTA BANCO SIMEON,9,5,"1,8"
2001,"MONTESDEOCA LÓPEZ, EVA",CAJA RURAL DE CANARIAS,3,2,"1,5"
2001,"PIQUE SOLE, MERITXELL",CADI LA SEU D´URGELL,3,2,"1,5"
2001,"BEZOS MARTÍNEZ, EMMA",HALCON VIAJES,2,2,1
2000,"REQUENA GIL, MARIA",ROS CASARES,2,2,1
2000,"GARCIA FERNANDEZ, BELEN",ENSINO YAYA MARIA,4,5,"0,8"
2000,"BARGALLO DIAZ, MIREIA",UNIVERSITAT DE BARCELONA,2,3,"0,67"
2000,"SEGUI CARLES, PAULA",UNIVERSITAT DE BARCELONA,2,4,"0,5"
2000,"REQUENA GIL, MARIA",ROS CASARES,2,2,1
2000,"GARCIA FERNANDEZ, BELEN",ENSINO YAYA MARIA,4,5,"0,8"
2000,"BARGALLO DIAZ, MIREIA",UNIVERSITAT DE BARCELONA,2,3,"0,67"
2000,"SEGUI CARLES, PAULA",UNIVERSITAT DE BARCELONA,2,4,"0,5"
2000,"REQUENA GIL, MARIA",ROS CASARES,2,2,1
2000,"GARCIA FERNANDEZ, BELEN",ENSINO YAYA MARIA,4,5,"0,8"
2000,"BARGALLO DIAZ, MIREIA",UNIVERSITAT DE BARCELONA,2,3,"0,67"
2000,"SEGUI CARLES, PAULA",UNIVERSITAT DE BARCELONA,2,4,"0,5"
1999,"FERRER ADELANTADO, MARIA TERESA",POPULAR BASQUET GODELLA,2,1,2
1999,"MORIANA NADAL, PALOMA",SANDRA GRAN CANARIA,4,2,2
1999,"DELGADO FERNANDEZ, CONCEPCION",C.D. ENSINO,3,2,"1,5"
1999,"DELGADO DIAZ-GUEMES, RAQUEL",POPULAR BASQUET GODELLA,2,2,1
1999,"RODRIGUEZ TOLEDO, ORANDA",C.D. ENSINO,2,2,1
1999,"MONJE HERNANDEZ, BLANCA",C.D. ENSINO,1,2,"0,5"
1999,"BISETTI RODRIGUEZ, LUISA",R.CLUB CELTA BANCO SIMEON,1,2,"0,5"
1999,"RAMIRO DIAZ, NURIA MARIA",C.D. ENSINO,1,2,"0,5"
1999,"FERRER ADELANTADO, MARIA TERESA",POPULAR BASQUET GODELLA,2,1,2
1999,"MORIANA NADAL, PALOMA",SANDRA GRAN CANARIA,4,2,2
1999,"DELGADO FERNANDEZ, CONCEPCION",C.D. ENSINO,3,2,"1,5"
1999,"DELGADO DIAZ-GUEMES, RAQUEL",POPULAR BASQUET GODELLA,2,2,1
1999,"RODRIGUEZ TOLEDO, ORANDA",C.D. ENSINO,2,2,1
1999,"MONJE HERNANDEZ, BLANCA",C.D. ENSINO,1,2,"0,5"
1999,"BISETTI RODRIGUEZ, LUISA",R.CLUB CELTA BANCO SIMEON,1,2,"0,5"
1999,"RAMIRO DIAZ, NURIA MARIA",C.D. ENSINO,1,2,"0,5"
1998,"VALDEMORO MADARIAGA, AMAYA",HALCON VIAJES,97,3,"32,33"
1998,"JONKUTE, INGRIDA",ENSINO,49,3,"16,33"
1998,"SÁNCHEZ LUJÁN, ROSAURA DEL CARMEN",SANDRA G. CANARIA,44,3,"14,67"
1998,"GARCIA PIÑERO, MARIA BEGOÑA",ENSINO,42,3,14
1998,"PASCHAL, TOWANDA DENICE",HALCON VIAJES,38,3,"12,67"
1998,"HICKS, JESSIE IVETTE",SANDRA G. CANARIA,37,3,"12,33"
1998,"SANCHEZ FERNANDEZ, ISABEL",ENSINO,37,3,"12,33"
1998,"MELVIN, CHASITY MONIQUE",BANCO SIMEON,33,3,11
1998,"GRANDE FLORES, LAURA",BANCO SIMEON,32,3,"10,67"
1998,"MIRCHANDANI VILLAR, LIDIA",SANDRA G. CANARIA,31,3,"10,33"
1998,"CEBRIAN SCHEURER, ELISABET",BANCO SIMEON,30,3,10
1998,"ARMENTA MONTEAGUDO, MARUXA",ENSINO,30,3,10
1998,"BEZOS MARTÍNEZ, EMMA",HALCON VIAJES,29,3,"9,67"
1998,"LLAMAS PAJUELO, MARIA NIEVES",HALCON VIAJES,28,3,"9,33"
1998,"SANCHEZ ORTEGA, PALOMA",BANCO SIMEON,27,3,9
1998,"PELAEZ SAN GIL, LOURDES",SANDRA G. CANARIA,25,3,"8,33"
1998,"HERNANDEZ ARENCIBIA, PATRICIA DEL PINO",HALCON VIAJES,24,3,8
1998,"GONZALEZ DIAZ, CARMEN",BANCO SIMEON,23,3,"7,67"
1998,"DELGADO FERNANDEZ, CONCEPCION",ENSINO,20,3,"6,67"
1998,"VALERO CEBRIAN, PILAR",BANCO SIMEON,19,3,"6,33"
1998,"GAMON HERNANDEZ, ASUNCION",SANDRA G. CANARIA,16,3,"5,33"
1998,"XANTAL SERRET, Mª DEL MAR",BANCO SIMEON,13,3,"4,33"
1998,"QUINTERO CASTELLANO, THANIA",SANDRA G. CANARIA,7,3,"2,33"
1998,"SALVADOR VIÑOLAS, MERITXELL",HALCON VIAJES,6,3,2
1998,"JUANES HERNANDEZ, SONIA",HALCON VIAJES,4,2,2
1998,"JUANES HERNANDEZ, YOLANDA",HALCON VIAJES,5,3,"1,67"
1998,"VILLAR FERNANDEZ, IRIA",BANCO SIMEON,4,3,"1,33"
1998,"MORIANA NADAL, PALOMA",SANDRA G. CANARIA,1,3,"0,33"
1997,"CEBRIAN SCHEURER, ELISABET",UNIVERSITARI,68,3,"22,67"
1997,"SÁNCHEZ LUJÁN, ROSAURA DEL CARMEN",SANDRA G. CANARIA,36,2,18
1997,"VALDEMORO MADARIAGA, AMAYA",POOL GETAFE,84,5,"16,8"
1997,"GRANDE FLORES, LAURA",BANCO SIMEON,96,6,16
1997,"RODRIGUEZ TOLEDO, ORANDA",SANDRA G. CANARIA,29,2,"14,5"
1997,"ANULA ALAMEDA, NIEVES",POOL GETAFE,72,5,"14,4"
1997,"GALLEGO VICARIO, SANDRA",UNIVERSITARI,43,3,"14,33"
1997,"DYDEK, MARGO",POOL GETAFE,66,5,"13,2"
1997,"VALERO CEBRIAN, PILAR",BANCO SIMEON,79,6,"13,17"
1997,"---, HEIKE MARIA",POOL GETAFE,62,5,"12,4"
1997,"PELAEZ SAN GIL, LOURDES",SANDRA G. CANARIA,24,2,12
1997,"JEKABSONE, ANDA",BANCO SIMEON,71,6,"11,83"
1997,"XANTAL SERRET, Mª DEL MAR",BANCO SIMEON,54,6,9
1997,"SANCHEZ ORTEGA, PALOMA",BANCO SIMEON,51,6,"8,5"
1997,"PALAU ALTES, LAIA",UNIVERSITARI,23,3,"7,67"
1997,"FONTS MATEO, NURIA",UNIVERSITARI,23,3,"7,67"
1997,"ZASSOULSKAYA, NATALIA",POOL GETAFE,38,5,"7,6"
1997,"PONS MOLINA, INGRID",UNIVERSITARI,22,3,"7,33"
1997,"MIRCHANDANI VILLAR, LIDIA",SANDRA G. CANARIA,14,2,7
1997,"BISETTI RODRIGUEZ, LUISA",UNIVERSITARI,17,3,"5,67"
1997,"ALAMO GONZALEZ, ELENA",SANDRA G. CANARIA,10,2,5
1997,"GAMON HERNANDEZ, ASUNCION",SANDRA G. CANARIA,10,2,5
1997,"JACKSON, BRENETHA TRISE",POOL GETAFE,23,5,"4,6"
1997,"HEMERY, DEBBIE MICHELLE",POOL GETAFE,22,5,"4,4"
1997,"ODEUS, ASA MARIANNE",POOL GETAFE,8,2,4
1997,"VILLAR FERNANDEZ, IRIA",BANCO SIMEON,14,6,"2,33"
1997,"KOSTIC, TANJA NATASA",POOL GETAFE,9,4,"2,25"
1997,"MONTESDEOCA LOPEZ, EVA",SANDRA G. CANARIA,2,1,2
1997,"GUERRA TALAVERA, TARINA MARIA",SANDRA G. CANARIA,3,2,"1,5"
1997,"CANO MARTINEZ, LAURA",UNIVERSITARI,4,3,"1,33"
1997,"CEBRIAN SCHEURER, ELISABET",UNIVERSITARI,68,3,"22,67"
1997,"SÁNCHEZ LUJÁN, ROSAURA DEL CARMEN",SANDRA G. CANARIA,36,2,18
1997,"VALDEMORO MADARIAGA, AMAYA",POOL GETAFE,84,5,"16,8"
1997,"GRANDE FLORES, LAURA",BANCO SIMEON,96,6,16
1997,"RODRIGUEZ TOLEDO, ORANDA",SANDRA G. CANARIA,29,2,"14,5"
1997,"ANULA ALAMEDA, NIEVES",POOL GETAFE,72,5,"14,4"
1997,"GALLEGO VICARIO, SANDRA",UNIVERSITARI,43,3,"14,33"
1997,"DYDEK, MARGO",POOL GETAFE,66,5,"13,2"
1997,"VALERO CEBRIAN, PILAR",BANCO SIMEON,79,6,"13,17"
1997,"---, HEIKE MARIA",POOL GETAFE,62,5,"12,4"
1997,"PELAEZ SAN GIL, LOURDES",SANDRA G. CANARIA,24,2,12
1997,"JEKABSONE, ANDA",BANCO SIMEON,71,6,"11,83"
1997,"XANTAL SERRET, Mª DEL MAR",BANCO SIMEON,54,6,9
1997,"SANCHEZ ORTEGA, PALOMA",BANCO SIMEON,51,6,"8,5"
1997,"PALAU ALTES, LAIA",UNIVERSITARI,23,3,"7,67"
1997,"FONTS MATEO, NURIA",UNIVERSITARI,23,3,"7,67"
1997,"ZASSOULSKAYA, NATALIA",POOL GETAFE,38,5,"7,6"
1997,"PONS MOLINA, INGRID",UNIVERSITARI,22,3,"7,33"
1997,"MIRCHANDANI VILLAR, LIDIA",SANDRA G. CANARIA,14,2,7
1997,"BISETTI RODRIGUEZ, LUISA",UNIVERSITARI,17,3,"5,67"
1997,"ALAMO GONZALEZ, ELENA",SANDRA G. CANARIA,10,2,5
1997,"GAMON HERNANDEZ, ASUNCION",SANDRA G. CANARIA,10,2,5
1997,"JACKSON, BRENETHA TRISE",POOL GETAFE,23,5,"4,6"
1997,"HEMERY, DEBBIE MICHELLE",POOL GETAFE,22,5,"4,4"
1997,"ODEUS, ASA MARIANNE",POOL GETAFE,8,2,4
1997,"VILLAR FERNANDEZ, IRIA",BANCO SIMEON,14,6,"2,33"
1997,"KOSTIC, TANJA NATASA",POOL GETAFE,9,4,"2,25"
1997,"MONTESDEOCA LOPEZ, EVA",SANDRA G. CANARIA,2,1,2
1997,"GUERRA TALAVERA, TARINA MARIA",SANDRA G. CANARIA,3,2,"1,5"
1997,"CANO MARTINEZ, LAURA",UNIVERSITARI,4,3,"1,33"
