Nombre;Equipo;Partidos;Minutos;Puntos;T2 Anotados;T2 Lanzados;% T2;T3 Anotados;T3 Lanzados;% T3;T1 Anotados;T1 Lanzados;% T1;Reb. Ofensivos;Reb. Defensivos;Rebotes;Asistencias;Robos;Perdidas;Tapones;Tapones Recibidos;Mates;Faltas Cometidas;Faltas Recibidas;Valoracion;% Asist;% Tiro Efectivo;% Tiro Verdadero;GScore;TLR%;Posesiones Anotadas;Posesiones No Anotadas;Floor Percentage;Puntos por Tiro;% Rebotes;% Rebotes Def;% Rebotes Of;% Robos;Toques;Uso;Versatilidad;Win Scores;Eficiencia Ofensiva;Eficiencia Defensiva;Diferencia eficiencia
b'ALLISON, RACHEL LINDSAY';['BEROIL - CIUDAD DE BURGOS'];20.0;34.48;19.15;5.35;12.0;0.45;1.35;3.5;0.39;4.4;5.75;0.77;3.0;4.65;7.65;1.15;2.2;3.05;0.2;0.6;0.0;2.6;4.75;18.7;0.0;0.0;0.0;0.0;0.0;0.0;0.0;0.0;0.0;0.0;0.0;0.0;0.0;0.0;0.0;0.0;0.0;0.0;0.0;0.0
b'ALONSO GARCIA, ANGELA';['BEROIL - CIUDAD DE BURGOS'];2.0;1.55;1.5;0.0;0.5;0.0;0.5;0.5;1.0;0.0;0.0;0.0;0.0;0.0;0.0;0.0;0.0;0.0;0.0;0.0;0.0;0.5;0.0;0.5;0.0;0.0;0.0;0.0;0.0;0.0;0.0;0.0;0.0;0.0;0.0;0.0;0.0;0.0;0.0;0.0;0.0;0.0;0.0;0.0
b'ALONSO SANCHEZ, VERONICA';['C.B. BEMBIBRE PDM'];20.0;35.43;5.15;1.45;4.6;0.32;0.55;2.0;0.28;0.6;0.85;0.71;0.4;3.2;3.6;2.35;1.2;1.25;0.0;0.35;0.0;2.15;2.1;5.8;0.0;0.0;0.0;0.0;0.0;0.0;0.0;0.0;0.0;0.0;0.0;0.0;0.0;0.0;0.0;0.0;0.0;0.0;0.0;0.0
b'ALONSO SINGER, ANA';['TOYOTA RECREATIVO CONQUERO'];20.0;16.33;3.75;0.9;2.0;0.45;0.6;1.85;0.32;0.15;0.3;0.5;0.65;1.35;2.0;0.5;0.25;0.55;0.0;0.05;0.0;1.55;0.2;2.05;0.0;0.0;0.0;0.0;0.0;0.0;0.0;0.0;0.0;0.0;0.0;0.0;0.0;0.0;0.0;0.0;0.0;0.0;0.0;0.0
b'ANTOJA ROVIRA, LAURA';['PERFUMERIAS AVENIDA'];17.0;17.67;4.41;0.82;1.76;0.47;0.82;2.24;0.37;0.29;0.47;0.62;0.12;0.71;0.82;1.88;0.65;1.24;0.0;0.06;0.0;1.29;0.71;3.35;0.0;0.0;0.0;0.0;0.0;0.0;0.0;0.0;0.0;0.0;0.0;0.0;0.0;0.0;0.0;0.0;0.0;0.0;0.0;0.0
b'ARGELLO CUENCA, PATRICIA';['UNB OBENASA'];20.0;23.12;8.9;1.3;3.15;0.41;1.65;5.05;0.33;1.35;1.5;0.9;0.55;1.75;2.3;1.2;0.8;2.1;0.1;0.05;0.0;1.85;1.7;5.6;0.0;0.0;0.0;0.0;0.0;0.0;0.0;0.0;0.0;0.0;0.0;0.0;0.0;0.0;0.0;0.0;0.0;0.0;0.0;0.0
b'ARREGUI MARIEZCURRENA, ITZIAR';['UNB OBENASA'];2.0;1.96;0.0;0.0;0.0;0.0;0.0;0.0;0.0;0.0;0.0;0.0;0.0;0.0;0.0;0.0;0.0;0.5;0.0;0.0;0.0;0.0;0.0;-0.5;0.0;0.0;0.0;0.0;0.0;0.0;0.0;0.0;0.0;0.0;0.0;0.0;0.0;0.0;0.0;0.0;0.0;0.0;0.0;0.0
b'ARROYO ZUBELDIA, LAURA';['HONDARRIBIA - IRÚN'];16.0;8.28;1.88;0.38;1.06;0.35;0.31;0.88;0.36;0.19;0.62;0.3;0.62;0.69;1.31;0.12;0.31;0.5;0.0;0.0;0.0;1.0;0.69;1.12;0.0;0.0;0.0;0.0;0.0;0.0;0.0;0.0;0.0;0.0;0.0;0.0;0.0;0.0;0.0;0.0;0.0;0.0;0.0;0.0
b'ASURMENDI VILLAVERDE, MARIA DEL CARMEN';['UNB OBENASA'];20.0;29.81;7.85;1.15;2.3;0.5;1.5;4.25;0.35;1.05;1.55;0.68;0.75;2.6;3.35;3.45;1.55;2.9;0.05;0.1;0.0;1.5;2.7;10.05;0.0;0.0;0.0;0.0;0.0;0.0;0.0;0.0;0.0;0.0;0.0;0.0;0.0;0.0;0.0;0.0;0.0;0.0;0.0;0.0
b'BAHI BLANQUERA, GEORGINA';['CADI - ICG SOFTWARE'];20.0;13.59;3.65;1.2;2.2;0.55;0.25;1.3;0.19;0.5;0.7;0.71;0.8;1.15;1.95;0.35;0.5;0.8;0.05;0.3;0.0;1.85;0.75;2.05;0.0;0.0;0.0;0.0;0.0;0.0;0.0;0.0;0.0;0.0;0.0;0.0;0.0;0.0;0.0;0.0;0.0;0.0;0.0;0.0
b'BALART MELICH, MARLES';['CADI - ICG SOFTWARE'];7.0;5.4;0.86;0.43;0.86;0.5;0.0;0.0;0.0;0.0;0.0;0.0;0.43;0.57;1.0;0.0;0.14;0.86;0.0;0.0;0.0;0.29;0.14;0.57;0.0;0.0;0.0;0.0;0.0;0.0;0.0;0.0;0.0;0.0;0.0;0.0;0.0;0.0;0.0;0.0;0.0;0.0;0.0;0.0
b'BARTONOVA, KATERINA';['CADI - ICG SOFTWARE'];20.0;22.8;5.2;1.7;4.25;0.4;0.45;1.5;0.3;0.45;0.65;0.69;0.6;2.4;3.0;2.0;1.25;2.15;0.1;0.1;0.0;2.05;0.95;4.4;0.0;0.0;0.0;0.0;0.0;0.0;0.0;0.0;0.0;0.0;0.0;0.0;0.0;0.0;0.0;0.0;0.0;0.0;0.0;0.0
b'BELD, MYRTHE BRIGIT MARIA';['SPAR UNIGIRONA'];19.0;16.84;4.32;0.79;2.47;0.32;0.47;1.58;0.3;1.32;1.68;0.78;0.42;1.42;1.84;1.42;1.37;1.21;0.21;0.11;0.0;2.42;1.68;3.95;0.0;0.0;0.0;0.0;0.0;0.0;0.0;0.0;0.0;0.0;0.0;0.0;0.0;0.0;0.0;0.0;0.0;0.0;0.0;0.0
b'BERMEJO MORENO, CLARA SUSANA';['RIVAS ECOPOLIS'];16.0;19.12;2.94;0.81;1.38;0.59;0.25;0.62;0.4;0.56;0.75;0.75;0.44;2.38;2.81;2.06;1.44;0.88;0.06;0.12;0.0;1.19;1.56;7.56;0.0;0.0;0.0;0.0;0.0;0.0;0.0;0.0;0.0;0.0;0.0;0.0;0.0;0.0;0.0;0.0;0.0;0.0;0.0;0.0
b'BLE, DOUKOLE VANESSA';['GRAN CANARIA 2014'];20.0;38.59;13.35;4.85;9.9;0.49;0.0;0.1;0.0;3.65;5.7;0.64;3.9;7.4;11.3;2.5;1.55;3.95;0.25;0.2;0.0;1.7;5.5;21.4;0.0;0.0;0.0;0.0;0.0;0.0;0.0;0.0;0.0;0.0;0.0;0.0;0.0;0.0;0.0;0.0;0.0;0.0;0.0;0.0
b'BORGES DOS REIS, SONIA';['HONDARRIBIA - IRÚN'];19.0;15.11;5.84;2.53;5.21;0.48;0.0;0.05;0.0;0.79;1.05;0.75;0.84;2.26;3.11;0.37;0.37;1.47;0.21;0.11;0.0;1.68;1.05;4.68;0.0;0.0;0.0;0.0;0.0;0.0;0.0;0.0;0.0;0.0;0.0;0.0;0.0;0.0;0.0;0.0;0.0;0.0;0.0;0.0
b'BOU LLOVERAS, EVA';['SPAR UNIGIRONA'];20.0;16.2;3.65;0.95;2.0;0.47;0.35;1.4;0.25;0.7;1.1;0.64;0.45;1.95;2.4;0.55;0.45;1.15;0.15;0.2;0.0;1.0;1.45;3.8;0.0;0.0;0.0;0.0;0.0;0.0;0.0;0.0;0.0;0.0;0.0;0.0;0.0;0.0;0.0;0.0;0.0;0.0;0.0;0.0
b'BRAVARD, CIERRA  NICHOLE';['SPAR UNIGIRONA'];20.0;19.44;8.4;3.1;6.1;0.51;0.0;0.05;0.0;2.2;2.9;0.76;1.05;3.3;4.35;0.6;0.35;2.05;0.3;0.05;0.0;2.85;2.6;7.9;0.0;0.0;0.0;0.0;0.0;0.0;0.0;0.0;0.0;0.0;0.0;0.0;0.0;0.0;0.0;0.0;0.0;0.0;0.0;0.0
"b""BROWN, LA NEDRA JE'TAIME""";['C.B. BEMBIBRE PDM'];20.0;28.2;13.05;5.4;10.1;0.53;0.0;0.0;0.0;2.25;3.25;0.69;2.05;3.3;5.35;0.5;0.8;2.15;0.55;0.25;0.0;2.65;3.75;13.25;0.0;0.0;0.0;0.0;0.0;0.0;0.0;0.0;0.0;0.0;0.0;0.0;0.0;0.0;0.0;0.0;0.0;0.0;0.0;0.0
b'BRRING, TANYA';['TOYOTA RECREATIVO CONQUERO'];18.0;30.19;7.67;2.39;5.94;0.4;0.67;2.44;0.27;0.89;1.11;0.8;0.78;2.72;3.5;2.61;1.56;1.94;0.0;0.06;0.0;3.67;1.56;5.67;0.0;0.0;0.0;0.0;0.0;0.0;0.0;0.0;0.0;0.0;0.0;0.0;0.0;0.0;0.0;0.0;0.0;0.0;0.0;0.0
b'BUCH ROSELL, ROSO';['C.B. BEMBIBRE PDM'];20.0;20.09;5.0;1.35;3.85;0.35;0.55;1.9;0.29;0.65;1.05;0.62;0.45;1.15;1.6;1.45;0.65;1.7;0.0;0.3;0.0;1.45;1.2;2.2;0.0;0.0;0.0;0.0;0.0;0.0;0.0;0.0;0.0;0.0;0.0;0.0;0.0;0.0;0.0;0.0;0.0;0.0;0.0;0.0
b'BUERIBERI BORIKO, MARIA ISABEL';['RIVAS ECOPOLIS'];3.0;3.56;3.33;1.0;1.67;0.6;0.0;0.0;0.0;1.33;1.67;0.8;0.0;0.67;0.67;0.0;0.0;0.33;0.0;0.33;0.0;0.0;1.0;3.33;0.0;0.0;0.0;0.0;0.0;0.0;0.0;0.0;0.0;0.0;0.0;0.0;0.0;0.0;0.0;0.0;0.0;0.0;0.0;0.0
b'CABRERA ARGUELLO, PATRICIA';['TOYOTA RECREATIVO CONQUERO'];20.0;13.6;4.75;0.15;0.55;0.27;1.45;3.8;0.38;0.1;0.1;1.0;0.2;0.65;0.85;0.05;0.15;0.7;0.05;0.1;0.0;0.5;0.1;1.9;0.0;0.0;0.0;0.0;0.0;0.0;0.0;0.0;0.0;0.0;0.0;0.0;0.0;0.0;0.0;0.0;0.0;0.0;0.0;0.0
b'CARBO COLOMA, ANNA';['SPAR UNIGIRONA'];18.0;28.34;9.33;2.72;5.06;0.54;0.78;2.06;0.38;1.56;1.83;0.85;1.89;2.56;4.44;1.89;1.61;1.44;0.0;0.22;0.0;0.89;1.89;12.72;0.0;0.0;0.0;0.0;0.0;0.0;0.0;0.0;0.0;0.0;0.0;0.0;0.0;0.0;0.0;0.0;0.0;0.0;0.0;0.0
b'CASAS CARRERAS, QUERALT';['RIVAS ECOPOLIS'];20.0;26.37;11.85;3.8;7.9;0.48;0.85;2.15;0.4;1.7;2.85;0.6;1.2;2.05;3.25;1.75;2.1;1.65;0.15;0.1;0.0;1.05;2.75;12.5;0.0;0.0;0.0;0.0;0.0;0.0;0.0;0.0;0.0;0.0;0.0;0.0;0.0;0.0;0.0;0.0;0.0;0.0;0.0;0.0
b'CEREIJO MARTINEZ, SANDRA';['C.B. BEMBIBRE PDM'];4.0;1.23;0.0;0.0;0.0;0.0;0.0;0.0;0.0;0.0;0.0;0.0;0.0;0.0;0.0;0.0;0.0;0.0;0.0;0.0;0.0;0.0;0.0;0.0;0.0;0.0;0.0;0.0;0.0;0.0;0.0;0.0;0.0;0.0;0.0;0.0;0.0;0.0;0.0;0.0;0.0;0.0;0.0;0.0
b'CHATZINIKOLAU, OLGA';['TINTOS DE TORO CAJA RURAL'];18.0;29.92;8.39;2.89;6.39;0.45;0.17;0.33;0.5;2.11;2.89;0.73;1.17;4.89;6.06;2.33;1.39;2.44;0.11;0.17;0.0;2.28;3.28;12.22;0.0;0.0;0.0;0.0;0.0;0.0;0.0;0.0;0.0;0.0;0.0;0.0;0.0;0.0;0.0;0.0;0.0;0.0;0.0;0.0
b'CHUMILLAS PERIS, BERTA';['BEROIL - CIUDAD DE BURGOS'];20.0;29.06;8.15;1.8;3.55;0.51;1.1;3.4;0.32;1.25;2.1;0.6;1.2;3.3;4.5;1.5;2.35;2.2;0.05;0.2;0.0;3.55;2.95;8.65;0.0;0.0;0.0;0.0;0.0;0.0;0.0;0.0;0.0;0.0;0.0;0.0;0.0;0.0;0.0;0.0;0.0;0.0;0.0;0.0
b'CISSE, MARIEME';['GRAN CANARIA 2014'];1.0;3.43;4.0;2.0;3.0;0.67;0.0;0.0;0.0;0.0;0.0;0.0;0.0;1.0;1.0;0.0;0.0;0.0;1.0;0.0;0.0;0.0;0.0;5.0;0.0;0.0;0.0;0.0;0.0;0.0;0.0;0.0;0.0;0.0;0.0;0.0;0.0;0.0;0.0;0.0;0.0;0.0;0.0;0.0
b'COMELLA PONS, PILAR';['SPAR UNIGIRONA'];1.0;1.22;2.0;0.0;1.0;0.0;0.0;0.0;0.0;2.0;2.0;1.0;1.0;1.0;2.0;0.0;0.0;1.0;0.0;1.0;0.0;0.0;1.0;2.0;0.0;0.0;0.0;0.0;0.0;0.0;0.0;0.0;0.0;0.0;0.0;0.0;0.0;0.0;0.0;0.0;0.0;0.0;0.0;0.0
b'COVINGTON, ARHONDA';['CADI - ICG SOFTWARE'];18.0;29.23;11.0;4.33;9.0;0.48;0.17;0.83;0.2;1.83;2.72;0.67;1.83;5.94;7.78;1.33;1.5;2.61;0.44;0.56;0.0;2.44;1.94;12.17;0.0;0.0;0.0;0.0;0.0;0.0;0.0;0.0;0.0;0.0;0.0;0.0;0.0;0.0;0.0;0.0;0.0;0.0;0.0;0.0
b'CRUZ LEBRATO, ANNA';['RIVAS ECOPOLIS'];20.0;29.2;13.25;4.15;9.35;0.44;0.95;2.9;0.33;2.1;2.35;0.89;0.75;2.8;3.55;2.4;1.8;1.9;0.15;0.35;0.0;1.25;2.55;12.8;0.0;0.0;0.0;0.0;0.0;0.0;0.0;0.0;0.0;0.0;0.0;0.0;0.0;0.0;0.0;0.0;0.0;0.0;0.0;0.0
b'CUEVAS MEDIAVILLA, AITANA';['BEROIL - CIUDAD DE BURGOS'];20.0;16.08;5.95;2.2;4.7;0.47;0.0;0.05;0.0;1.55;2.4;0.65;1.35;2.9;4.25;0.8;0.3;2.2;0.55;0.4;0.0;2.15;2.0;5.7;0.0;0.0;0.0;0.0;0.0;0.0;0.0;0.0;0.0;0.0;0.0;0.0;0.0;0.0;0.0;0.0;0.0;0.0;0.0;0.0
b'CURRIE, MONIQUE PAULETTE';['PERFUMERIAS AVENIDA'];10.0;25.71;11.9;4.5;10.2;0.44;0.2;1.6;0.12;2.3;2.9;0.79;2.9;4.0;6.9;1.4;1.7;1.8;0.1;0.4;0.0;3.0;3.3;12.4;0.0;0.0;0.0;0.0;0.0;0.0;0.0;0.0;0.0;0.0;0.0;0.0;0.0;0.0;0.0;0.0;0.0;0.0;0.0;0.0
b'DE KLEIJN, MARLOU';['CADI - ICG SOFTWARE'];20.0;14.95;3.45;0.95;2.45;0.39;0.3;1.4;0.21;0.65;0.95;0.68;0.65;0.6;1.25;0.8;0.35;1.1;0.0;0.2;0.0;0.3;1.25;2.6;0.0;0.0;0.0;0.0;0.0;0.0;0.0;0.0;0.0;0.0;0.0;0.0;0.0;0.0;0.0;0.0;0.0;0.0;0.0;0.0
b'DENSON, AMY RAE';['TINTOS DE TORO CAJA RURAL'];19.0;28.62;14.0;6.21;13.11;0.47;0.0;0.16;0.0;1.58;1.95;0.81;2.68;4.37;7.05;1.79;0.68;2.26;0.16;0.42;0.0;2.05;2.16;13.68;0.0;0.0;0.0;0.0;0.0;0.0;0.0;0.0;0.0;0.0;0.0;0.0;0.0;0.0;0.0;0.0;0.0;0.0;0.0;0.0
b'DIAZ CASTELLANO, YURENA';['GRAN CANARIA 2014'];16.0;36.82;13.31;2.69;7.31;0.37;1.81;5.69;0.32;2.5;3.12;0.8;0.31;2.25;2.56;2.5;0.75;2.88;0.06;0.25;0.0;2.38;3.0;7.56;0.0;0.0;0.0;0.0;0.0;0.0;0.0;0.0;0.0;0.0;0.0;0.0;0.0;0.0;0.0;0.0;0.0;0.0;0.0;0.0
b'DIEZ FERNANDEZ, NAIARA';['UNB OBENASA'];12.0;8.75;3.08;0.33;1.0;0.33;0.58;1.58;0.37;0.67;0.75;0.89;0.42;0.58;1.0;0.33;0.08;0.75;0.0;0.17;0.0;0.75;0.67;1.75;0.0;0.0;0.0;0.0;0.0;0.0;0.0;0.0;0.0;0.0;0.0;0.0;0.0;0.0;0.0;0.0;0.0;0.0;0.0;0.0
b'DILLONE, ELINE';['GRAN CANARIA 2014'];3.0;34.26;5.67;1.0;3.33;0.3;1.0;5.0;0.2;0.67;1.33;0.5;0.67;1.33;2.0;0.67;0.67;2.0;0.33;0.33;0.0;2.67;2.0;-0.67;0.0;0.0;0.0;0.0;0.0;0.0;0.0;0.0;0.0;0.0;0.0;0.0;0.0;0.0;0.0;0.0;0.0;0.0;0.0;0.0
b'ERKIC, MAJA';['RIVAS ECOPOLIS'];5.0;16.93;6.6;2.2;4.4;0.5;0.2;0.2;1.0;1.6;1.6;1.0;0.6;1.4;2.0;0.8;1.0;0.8;0.2;0.2;0.0;2.0;0.8;6.2;0.0;0.0;0.0;0.0;0.0;0.0;0.0;0.0;0.0;0.0;0.0;0.0;0.0;0.0;0.0;0.0;0.0;0.0;0.0;0.0
b'FEASTER, ALISON';['SPAR UNIGIRONA'];20.0;27.26;9.4;1.65;3.9;0.42;1.55;4.05;0.38;1.45;1.65;0.88;1.3;2.5;3.8;1.85;1.35;2.0;0.2;0.05;0.0;1.95;1.75;9.4;0.0;0.0;0.0;0.0;0.0;0.0;0.0;0.0;0.0;0.0;0.0;0.0;0.0;0.0;0.0;0.0;0.0;0.0;0.0;0.0
b'FERNANDEZ FARRES, MARTA';['PERFUMERIAS AVENIDA'];18.0;27.49;13.33;4.39;8.39;0.52;0.72;2.06;0.35;2.39;3.72;0.64;0.39;1.78;2.17;3.11;1.61;1.89;0.28;0.5;0.0;0.78;2.33;13.0;0.0;0.0;0.0;0.0;0.0;0.0;0.0;0.0;0.0;0.0;0.0;0.0;0.0;0.0;0.0;0.0;0.0;0.0;0.0;0.0
b'FERNANDEZ LUENGO, SILVIA';['PERFUMERIAS AVENIDA'];2.0;1.8;1.0;0.5;1.0;0.5;0.0;0.0;0.0;0.0;0.0;0.0;0.0;0.0;0.0;0.0;0.0;0.0;0.0;0.0;0.0;0.0;0.0;0.5;0.0;0.0;0.0;0.0;0.0;0.0;0.0;0.0;0.0;0.0;0.0;0.0;0.0;0.0;0.0;0.0;0.0;0.0;0.0;0.0
b'FERRARI CALABRO, PAOLA ANDREA';['PERFUMERIAS AVENIDA'];10.0;18.47;6.7;1.3;2.3;0.57;1.2;3.3;0.36;0.5;0.6;0.83;0.6;2.0;2.6;1.0;0.5;1.4;0.0;0.2;0.0;1.5;0.4;4.9;0.0;0.0;0.0;0.0;0.0;0.0;0.0;0.0;0.0;0.0;0.0;0.0;0.0;0.0;0.0;0.0;0.0;0.0;0.0;0.0
b'FREIXANET VIEJO, JAEL';['SPAR UNIGIRONA'];19.0;17.3;5.63;1.05;2.84;0.37;0.89;1.68;0.53;0.84;1.21;0.7;0.47;1.47;1.95;0.58;0.84;1.05;0.21;0.05;0.0;2.05;1.11;4.21;0.0;0.0;0.0;0.0;0.0;0.0;0.0;0.0;0.0;0.0;0.0;0.0;0.0;0.0;0.0;0.0;0.0;0.0;0.0;0.0
b'GARCIA GARCIA, ALBA MARIA';['TOYOTA RECREATIVO CONQUERO'];3.0;10.21;1.67;0.33;1.0;0.33;0.33;1.67;0.2;0.0;0.0;0.0;0.0;1.0;1.0;0.33;0.33;1.67;0.0;0.0;0.0;0.67;0.33;-0.67;0.0;0.0;0.0;0.0;0.0;0.0;0.0;0.0;0.0;0.0;0.0;0.0;0.0;0.0;0.0;0.0;0.0;0.0;0.0;0.0
b'GARCIA TORRES, CRISTINA';['CADI - ICG SOFTWARE'];20.0;26.51;7.6;3.05;7.0;0.44;0.2;0.95;0.21;0.9;1.2;0.75;0.45;2.45;2.9;1.85;1.35;1.45;0.35;0.2;0.0;1.05;1.5;7.85;0.0;0.0;0.0;0.0;0.0;0.0;0.0;0.0;0.0;0.0;0.0;0.0;0.0;0.0;0.0;0.0;0.0;0.0;0.0;0.0
b'GEARLDS, KATHRYN ANN';['TOYOTA RECREATIVO CONQUERO'];1.0;20.8;0.0;0.0;0.0;0.0;0.0;3.0;0.0;0.0;0.0;0.0;0.0;3.0;3.0;0.0;1.0;0.0;0.0;0.0;0.0;2.0;0.0;-1.0;0.0;0.0;0.0;0.0;0.0;0.0;0.0;0.0;0.0;0.0;0.0;0.0;0.0;0.0;0.0;0.0;0.0;0.0;0.0;0.0
b'GERMAN VELASCO, ICIAR';['TOYOTA RECREATIVO CONQUERO'];20.0;29.18;7.15;1.65;3.95;0.42;0.85;2.8;0.3;1.3;1.95;0.67;2.45;2.45;4.9;1.85;1.25;2.35;0.0;0.3;0.0;3.2;2.6;7.0;0.0;0.0;0.0;0.0;0.0;0.0;0.0;0.0;0.0;0.0;0.0;0.0;0.0;0.0;0.0;0.0;0.0;0.0;0.0;0.0
b'GIL COLLADO, LAURA';['BEROIL - CIUDAD DE BURGOS'];20.0;30.14;10.45;3.55;8.9;0.4;0.5;1.8;0.28;1.85;2.7;0.69;2.8;3.25;6.05;1.25;1.95;2.05;0.1;0.75;0.0;2.75;3.5;10.25;0.0;0.0;0.0;0.0;0.0;0.0;0.0;0.0;0.0;0.0;0.0;0.0;0.0;0.0;0.0;0.0;0.0;0.0;0.0;0.0
b'GIMENO MARTINEZ, VEGA';['RIVAS ECOPOLIS'];6.0;13.79;4.67;0.83;2.83;0.29;0.67;1.5;0.44;1.0;1.33;0.75;0.17;1.0;1.17;0.0;0.0;1.33;0.17;0.0;0.0;1.83;2.17;1.83;0.0;0.0;0.0;0.0;0.0;0.0;0.0;0.0;0.0;0.0;0.0;0.0;0.0;0.0;0.0;0.0;0.0;0.0;0.0;0.0
b'GIMENO MELENDO, LAURA';['TINTOS DE TORO CAJA RURAL'];20.0;18.1;3.95;1.3;4.15;0.31;0.25;1.15;0.22;0.6;0.7;0.86;1.15;1.95;3.1;0.75;0.4;1.1;0.35;0.0;0.0;1.9;0.65;2.35;0.0;0.0;0.0;0.0;0.0;0.0;0.0;0.0;0.0;0.0;0.0;0.0;0.0;0.0;0.0;0.0;0.0;0.0;0.0;0.0
b'GOMEZ FERREIROS, SARA';['UNB OBENASA'];20.0;24.98;5.35;1.0;3.3;0.3;0.9;2.75;0.33;0.65;0.8;0.81;0.25;2.0;2.25;1.2;1.2;2.45;0.1;0.35;0.0;1.6;1.35;2.75;0.0;0.0;0.0;0.0;0.0;0.0;0.0;0.0;0.0;0.0;0.0;0.0;0.0;0.0;0.0;0.0;0.0;0.0;0.0;0.0
b'GOMEZ IGLESIAS, REGINA';['BEROIL - CIUDAD DE BURGOS'];19.0;29.12;6.42;1.32;3.42;0.38;1.0;3.42;0.29;0.79;0.95;0.83;0.63;1.95;2.58;1.47;2.21;2.79;0.05;0.11;0.0;2.32;0.74;3.58;0.0;0.0;0.0;0.0;0.0;0.0;0.0;0.0;0.0;0.0;0.0;0.0;0.0;0.0;0.0;0.0;0.0;0.0;0.0;0.0
b'GOMEZ IGUAL, ANNA';['BEROIL - CIUDAD DE BURGOS'];20.0;25.94;6.55;1.25;3.05;0.41;0.95;2.8;0.34;1.2;1.45;0.83;0.45;2.25;2.7;2.5;1.35;1.4;0.2;0.0;0.0;1.0;2.05;9.05;0.0;0.0;0.0;0.0;0.0;0.0;0.0;0.0;0.0;0.0;0.0;0.0;0.0;0.0;0.0;0.0;0.0;0.0;0.0;0.0
b'GOMEZ KEHSLER, TATIANA WALESKA';['HONDARRIBIA - IRÚN'];20.0;30.62;10.3;4.35;8.75;0.5;0.0;0.0;0.0;1.6;2.4;0.67;1.05;4.6;5.65;0.6;0.55;1.65;0.65;0.2;0.0;1.75;2.75;11.7;0.0;0.0;0.0;0.0;0.0;0.0;0.0;0.0;0.0;0.0;0.0;0.0;0.0;0.0;0.0;0.0;0.0;0.0;0.0;0.0
b'GONZALEZ OGANDO, ALBA';['C.B. BEMBIBRE PDM'];4.0;1.14;0.0;0.0;0.0;0.0;0.0;0.0;0.0;0.0;0.0;0.0;0.0;0.0;0.0;0.0;0.0;0.25;0.0;0.0;0.0;0.0;0.0;-0.25;0.0;0.0;0.0;0.0;0.0;0.0;0.0;0.0;0.0;0.0;0.0;0.0;0.0;0.0;0.0;0.0;0.0;0.0;0.0;0.0
b'GURI MORENO, CLAUDIA';['CADI - ICG SOFTWARE'];2.0;5.56;1.0;0.5;1.5;0.33;0.0;0.0;0.0;0.0;0.0;0.0;0.0;1.0;1.0;1.0;0.0;0.5;0.0;0.0;0.0;2.0;0.0;-0.5;0.0;0.0;0.0;0.0;0.0;0.0;0.0;0.0;0.0;0.0;0.0;0.0;0.0;0.0;0.0;0.0;0.0;0.0;0.0;0.0
b'HARRIS, LINDSAY ROBYN';['HONDARRIBIA - IRÚN'];10.0;15.36;6.3;0.9;2.6;0.35;1.1;2.8;0.39;1.2;1.7;0.71;0.3;2.4;2.7;0.9;0.3;2.1;0.0;0.4;0.0;1.5;2.0;4.3;0.0;0.0;0.0;0.0;0.0;0.0;0.0;0.0;0.0;0.0;0.0;0.0;0.0;0.0;0.0;0.0;0.0;0.0;0.0;0.0
b'HENRY, ANEIKA ANNA-KAY';['RIVAS ECOPOLIS'];19.0;23.79;9.47;3.89;6.11;0.64;0.0;0.0;0.0;1.68;2.21;0.76;1.63;5.79;7.42;1.21;0.89;2.21;0.68;0.05;0.0;2.26;2.53;14.95;0.0;0.0;0.0;0.0;0.0;0.0;0.0;0.0;0.0;0.0;0.0;0.0;0.0;0.0;0.0;0.0;0.0;0.0;0.0;0.0
b'HERRERA BOXO, LAURA';['UNB OBENASA'];19.0;31.59;11.11;4.53;7.32;0.62;0.0;0.0;0.0;2.05;2.63;0.78;2.0;3.05;5.05;0.89;0.37;2.0;0.11;0.32;0.0;2.05;2.84;12.63;0.0;0.0;0.0;0.0;0.0;0.0;0.0;0.0;0.0;0.0;0.0;0.0;0.0;0.0;0.0;0.0;0.0;0.0;0.0;0.0
b'HERRERA SANTESTEBAN, RAQUEL';['UNB OBENASA'];17.0;11.69;1.18;0.53;1.94;0.27;0.0;0.12;0.0;0.12;0.24;0.5;0.41;0.94;1.35;0.41;0.12;0.53;0.24;0.06;0.0;0.59;0.29;0.76;0.0;0.0;0.0;0.0;0.0;0.0;0.0;0.0;0.0;0.0;0.0;0.0;0.0;0.0;0.0;0.0;0.0;0.0;0.0;0.0
b'HODGES, RONEEKA RAYSHELL';['PERFUMERIAS AVENIDA'];5.0;23.59;10.8;2.4;5.2;0.46;1.4;2.6;0.54;1.8;1.8;1.0;0.8;3.8;4.6;1.4;0.6;1.8;0.2;0.0;0.0;2.0;1.6;11.4;0.0;0.0;0.0;0.0;0.0;0.0;0.0;0.0;0.0;0.0;0.0;0.0;0.0;0.0;0.0;0.0;0.0;0.0;0.0;0.0
b'HONTI, KATALIN';['RIVAS ECOPOLIS'];20.0;25.96;8.15;1.65;3.65;0.45;1.2;2.7;0.44;1.25;1.4;0.89;0.6;1.9;2.5;2.35;0.45;1.6;0.05;0.05;0.0;1.3;1.8;8.7;0.0;0.0;0.0;0.0;0.0;0.0;0.0;0.0;0.0;0.0;0.0;0.0;0.0;0.0;0.0;0.0;0.0;0.0;0.0;0.0
b'IZQUIERDO COBOS, LAURA';['TOYOTA RECREATIVO CONQUERO'];7.0;2.32;0.43;0.0;0.14;0.0;0.14;0.14;1.0;0.0;0.0;0.0;0.0;0.14;0.14;0.0;0.14;0.29;0.0;0.0;0.0;0.14;0.0;0.14;0.0;0.0;0.0;0.0;0.0;0.0;0.0;0.0;0.0;0.0;0.0;0.0;0.0;0.0;0.0;0.0;0.0;0.0;0.0;0.0
b'JODAR PORTAS, ANNA';['SPAR UNIGIRONA'];1.0;2.95;0.0;0.0;0.0;0.0;0.0;1.0;0.0;0.0;0.0;0.0;0.0;1.0;1.0;0.0;0.0;0.0;0.0;0.0;0.0;1.0;0.0;-1.0;0.0;0.0;0.0;0.0;0.0;0.0;0.0;0.0;0.0;0.0;0.0;0.0;0.0;0.0;0.0;0.0;0.0;0.0;0.0;0.0
b'JOHNSON, PARIS NICOLE FIATAMALII';['TINTOS DE TORO CAJA RURAL'];7.0;12.42;2.86;1.14;4.14;0.28;0.0;0.14;0.0;0.57;2.29;0.25;0.57;2.14;2.71;0.14;0.29;0.57;0.29;0.29;0.0;1.71;1.71;0.57;0.0;0.0;0.0;0.0;0.0;0.0;0.0;0.0;0.0;0.0;0.0;0.0;0.0;0.0;0.0;0.0;0.0;0.0;0.0;0.0
b'JORDANA BOFILL, NOEMI';['SPAR UNIGIRONA'];20.0;28.77;8.75;1.05;3.35;0.31;1.85;5.3;0.35;1.1;1.9;0.58;0.45;2.4;2.85;4.0;0.65;3.0;0.05;0.1;0.0;1.45;2.45;7.65;0.0;0.0;0.0;0.0;0.0;0.0;0.0;0.0;0.0;0.0;0.0;0.0;0.0;0.0;0.0;0.0;0.0;0.0;0.0;0.0
b'KARCIC, LISA ANN';['HONDARRIBIA - IRÚN'];20.0;32.59;8.6;1.5;4.4;0.34;1.55;4.2;0.37;0.95;1.3;0.73;1.1;4.3;5.4;1.35;2.35;2.1;1.0;0.4;0.0;2.4;1.95;9.85;0.0;0.0;0.0;0.0;0.0;0.0;0.0;0.0;0.0;0.0;0.0;0.0;0.0;0.0;0.0;0.0;0.0;0.0;0.0;0.0
b'KURASOVA, OLEKSANDRA';['RIVAS ECOPOLIS'];19.0;22.49;9.95;2.74;6.26;0.44;0.95;2.32;0.41;1.63;1.74;0.94;1.26;3.63;4.89;0.74;0.58;2.21;0.16;0.16;0.0;2.79;1.11;7.26;0.0;0.0;0.0;0.0;0.0;0.0;0.0;0.0;0.0;0.0;0.0;0.0;0.0;0.0;0.0;0.0;0.0;0.0;0.0;0.0
b'LINEROS CAMPOY, MARINA';['TOYOTA RECREATIVO CONQUERO'];1.0;0.67;0.0;0.0;0.0;0.0;0.0;0.0;0.0;0.0;0.0;0.0;0.0;0.0;0.0;0.0;0.0;0.0;0.0;0.0;0.0;0.0;0.0;0.0;0.0;0.0;0.0;0.0;0.0;0.0;0.0;0.0;0.0;0.0;0.0;0.0;0.0;0.0;0.0;0.0;0.0;0.0;0.0;0.0
b'LIZARAZU HERRERA, MARINA';['RIVAS ECOPOLIS'];12.0;13.17;3.25;0.83;1.75;0.48;0.42;1.0;0.42;0.33;0.42;0.8;0.25;0.83;1.08;1.5;0.75;0.67;0.0;0.0;0.0;1.83;0.58;3.08;0.0;0.0;0.0;0.0;0.0;0.0;0.0;0.0;0.0;0.0;0.0;0.0;0.0;0.0;0.0;0.0;0.0;0.0;0.0;0.0
b'LLOBET CODERCH, ITZIAR';['BEROIL - CIUDAD DE BURGOS'];18.0;11.13;1.56;0.11;0.67;0.17;0.39;1.5;0.26;0.17;0.22;0.75;0.39;0.94;1.33;0.33;0.44;0.39;0.0;0.0;0.0;1.22;0.11;0.44;0.0;0.0;0.0;0.0;0.0;0.0;0.0;0.0;0.0;0.0;0.0;0.0;0.0;0.0;0.0;0.0;0.0;0.0;0.0;0.0
b'LOPEZ MARQUES, CRISTINA';['C.B. BEMBIBRE PDM'];18.0;29.53;7.67;1.06;3.89;0.27;1.67;5.67;0.29;0.56;1.11;0.5;0.67;2.5;3.17;2.61;1.5;2.56;0.06;0.33;0.0;2.56;2.06;4.22;0.0;0.0;0.0;0.0;0.0;0.0;0.0;0.0;0.0;0.0;0.0;0.0;0.0;0.0;0.0;0.0;0.0;0.0;0.0;0.0
b'LUCAS, ITALEE MALINA';['HONDARRIBIA - IRÚN'];9.0;32.86;17.89;4.33;10.11;0.43;2.0;6.89;0.29;3.22;3.56;0.91;0.33;3.78;4.11;1.78;1.0;4.11;0.0;0.56;0.0;2.89;3.11;9.33;0.0;0.0;0.0;0.0;0.0;0.0;0.0;0.0;0.0;0.0;0.0;0.0;0.0;0.0;0.0;0.0;0.0;0.0;0.0;0.0
b'MARCOS BENITO, BLANCA';['BEROIL - CIUDAD DE BURGOS'];19.0;27.85;8.32;2.26;4.47;0.51;1.0;3.37;0.3;0.79;0.79;1.0;0.37;1.21;1.58;0.84;1.47;1.32;0.0;0.11;0.0;1.84;1.32;5.68;0.0;0.0;0.0;0.0;0.0;0.0;0.0;0.0;0.0;0.0;0.0;0.0;0.0;0.0;0.0;0.0;0.0;0.0;0.0;0.0
b'MATEOS GARCIA, NURIA';['TINTOS DE TORO CAJA RURAL'];1.0;0.88;0.0;0.0;1.0;0.0;0.0;0.0;0.0;0.0;0.0;0.0;0.0;0.0;0.0;0.0;0.0;0.0;0.0;0.0;0.0;0.0;0.0;-1.0;0.0;0.0;0.0;0.0;0.0;0.0;0.0;0.0;0.0;0.0;0.0;0.0;0.0;0.0;0.0;0.0;0.0;0.0;0.0;0.0
b'MESTDAGH, KIM';['TINTOS DE TORO CAJA RURAL'];20.0;19.85;7.0;0.95;2.15;0.44;1.5;3.9;0.38;0.6;0.8;0.75;0.7;2.35;3.05;0.9;1.2;1.05;0.05;0.0;0.0;2.05;0.7;6.0;0.0;0.0;0.0;0.0;0.0;0.0;0.0;0.0;0.0;0.0;0.0;0.0;0.0;0.0;0.0;0.0;0.0;0.0;0.0;0.0
b'MILLER, CHERIN BRITANY';['C.B. BEMBIBRE PDM'];19.0;17.02;8.16;3.63;7.37;0.49;0.0;0.0;0.0;0.89;1.84;0.49;1.42;2.95;4.37;0.32;0.11;2.16;0.42;0.21;0.0;2.26;2.58;6.63;0.0;0.0;0.0;0.0;0.0;0.0;0.0;0.0;0.0;0.0;0.0;0.0;0.0;0.0;0.0;0.0;0.0;0.0;0.0;0.0
b'MIRCHANDANI VILLAR, LIDIA';['TOYOTA RECREATIVO CONQUERO'];17.0;29.92;7.88;1.47;3.0;0.49;1.35;3.88;0.35;0.88;1.12;0.79;0.18;2.24;2.41;3.41;0.65;1.47;0.0;0.12;0.0;1.35;1.94;9.06;0.0;0.0;0.0;0.0;0.0;0.0;0.0;0.0;0.0;0.0;0.0;0.0;0.0;0.0;0.0;0.0;0.0;0.0;0.0;0.0
b'MOLINA DOMINGO, CYNTHIA';['SPAR UNIGIRONA'];1.0;1.28;0.0;0.0;0.0;0.0;0.0;0.0;0.0;0.0;0.0;0.0;0.0;0.0;0.0;0.0;0.0;0.0;0.0;0.0;0.0;0.0;0.0;0.0;0.0;0.0;0.0;0.0;0.0;0.0;0.0;0.0;0.0;0.0;0.0;0.0;0.0;0.0;0.0;0.0;0.0;0.0;0.0;0.0
b'MOLINA PRADOS MARTIN BURO, JUANA MARIA';['TINTOS DE TORO CAJA RURAL'];20.0;11.08;3.05;0.7;1.75;0.4;0.45;1.55;0.29;0.3;0.55;0.55;0.25;1.0;1.25;0.6;0.3;0.7;0.0;0.05;0.0;0.35;1.0;2.7;0.0;0.0;0.0;0.0;0.0;0.0;0.0;0.0;0.0;0.0;0.0;0.0;0.0;0.0;0.0;0.0;0.0;0.0;0.0;0.0
b'MONGOMO CARVALLO, MARIA CONCEPCIN';['GRAN CANARIA 2014'];20.0;18.4;2.15;0.35;1.3;0.27;0.45;2.3;0.2;0.1;0.1;1.0;0.3;1.75;2.05;0.7;0.75;0.7;0.1;0.1;0.0;1.95;0.3;0.5;0.0;0.0;0.0;0.0;0.0;0.0;0.0;0.0;0.0;0.0;0.0;0.0;0.0;0.0;0.0;0.0;0.0;0.0;0.0;0.0
b'MONROE, JACINTA LISETTE';['SPAR UNIGIRONA'];20.0;25.34;13.4;5.55;10.1;0.55;0.0;0.1;0.0;2.3;3.35;0.69;1.95;6.75;8.7;0.4;0.95;1.95;1.1;0.4;0.0;2.05;2.85;17.3;0.0;0.0;0.0;0.0;0.0;0.0;0.0;0.0;0.0;0.0;0.0;0.0;0.0;0.0;0.0;0.0;0.0;0.0;0.0;0.0
b'MONTAANA GIMENO, ANNA';['PERFUMERIAS AVENIDA'];2.0;5.75;2.5;0.5;1.5;0.33;0.5;1.0;0.5;0.0;0.0;0.0;0.5;0.0;0.5;0.5;0.0;0.0;0.0;0.0;0.0;0.5;0.0;1.5;0.0;0.0;0.0;0.0;0.0;0.0;0.0;0.0;0.0;0.0;0.0;0.0;0.0;0.0;0.0;0.0;0.0;0.0;0.0;0.0
b'MONTENEGRO SANTANA, RITA ESTHER';['C.B. BEMBIBRE PDM'];20.0;23.07;8.1;2.95;6.8;0.43;0.55;1.9;0.29;0.55;0.7;0.79;1.2;3.9;5.1;1.5;0.75;1.25;0.15;0.3;0.0;1.55;0.95;8.1;0.0;0.0;0.0;0.0;0.0;0.0;0.0;0.0;0.0;0.0;0.0;0.0;0.0;0.0;0.0;0.0;0.0;0.0;0.0;0.0
b'MORRISON JARA, ZIOMARA ESKET';['RIVAS ECOPOLIS'];16.0;15.71;7.44;2.69;5.62;0.48;0.19;0.62;0.3;1.5;1.88;0.8;1.94;3.06;5.0;0.56;0.06;1.06;0.81;0.5;0.0;1.56;1.75;8.75;0.0;0.0;0.0;0.0;0.0;0.0;0.0;0.0;0.0;0.0;0.0;0.0;0.0;0.0;0.0;0.0;0.0;0.0;0.0;0.0
b'MOSBY, TYRONE BERNICE';['TOYOTA RECREATIVO CONQUERO'];15.0;32.82;19.27;7.6;14.53;0.52;0.47;1.2;0.39;2.67;3.53;0.75;2.0;5.47;7.47;1.0;1.8;3.13;0.67;0.47;0.0;2.4;4.47;20.13;0.0;0.0;0.0;0.0;0.0;0.0;0.0;0.0;0.0;0.0;0.0;0.0;0.0;0.0;0.0;0.0;0.0;0.0;0.0;0.0
b'NAVARRO ALVAREZ, REBECA';['GRAN CANARIA 2014'];14.0;10.01;1.64;0.29;0.5;0.57;0.29;1.29;0.22;0.21;0.29;0.75;0.0;1.0;1.0;0.43;0.14;0.64;0.0;0.0;0.0;0.79;0.21;0.71;0.0;0.0;0.0;0.0;0.0;0.0;0.0;0.0;0.0;0.0;0.0;0.0;0.0;0.0;0.0;0.0;0.0;0.0;0.0;0.0
b'NDIAYE, ADJI RAMATOULAYE';['UNB OBENASA'];5.0;12.55;4.4;2.0;5.4;0.37;0.0;0.0;0.0;0.4;0.6;0.67;0.6;0.8;1.4;0.2;0.8;1.2;0.2;0.4;0.0;2.2;0.8;0.4;0.0;0.0;0.0;0.0;0.0;0.0;0.0;0.0;0.0;0.0;0.0;0.0;0.0;0.0;0.0;0.0;0.0;0.0;0.0;0.0
b'NDOUR, ASTOU BARRO';['GRAN CANARIA 2014'];20.0;33.0;14.55;4.8;9.1;0.53;1.0;3.05;0.33;1.95;2.75;0.71;2.5;5.65;8.15;0.45;0.65;2.0;0.75;0.35;0.0;3.5;2.6;14.15;0.0;0.0;0.0;0.0;0.0;0.0;0.0;0.0;0.0;0.0;0.0;0.0;0.0;0.0;0.0;0.0;0.0;0.0;0.0;0.0
b'NDOYE, BINETA';['GRAN CANARIA 2014'];19.0;18.72;4.53;1.95;4.79;0.41;0.0;0.0;0.0;0.63;1.05;0.6;1.95;3.11;5.05;0.16;0.32;1.16;0.58;0.21;0.0;2.63;1.26;4.63;0.0;0.0;0.0;0.0;0.0;0.0;0.0;0.0;0.0;0.0;0.0;0.0;0.0;0.0;0.0;0.0;0.0;0.0;0.0;0.0
b'NICHOLLS GONZALEZ, LAURA';['RIVAS ECOPOLIS'];18.0;25.37;7.5;2.89;7.33;0.39;0.06;0.22;0.25;1.56;2.5;0.62;2.17;3.72;5.89;1.17;0.89;1.67;0.33;0.06;0.0;2.67;3.06;8.89;0.0;0.0;0.0;0.0;0.0;0.0;0.0;0.0;0.0;0.0;0.0;0.0;0.0;0.0;0.0;0.0;0.0;0.0;0.0;0.0
b'NIEDOLA, SABINE';['CADI - ICG SOFTWARE'];15.0;13.93;5.0;2.0;4.27;0.47;0.0;0.07;0.0;1.0;1.27;0.79;1.33;2.07;3.4;0.27;0.6;0.6;0.07;0.13;0.0;1.6;1.47;5.87;0.0;0.0;0.0;0.0;0.0;0.0;0.0;0.0;0.0;0.0;0.0;0.0;0.0;0.0;0.0;0.0;0.0;0.0;0.0;0.0
b'NJONKOU, AMINA';['TOYOTA RECREATIVO CONQUERO'];5.0;21.69;7.8;2.6;6.6;0.39;0.4;1.0;0.4;1.4;1.6;0.88;2.0;3.8;5.8;1.4;0.6;1.4;0.4;0.2;0.0;2.2;1.4;8.8;0.0;0.0;0.0;0.0;0.0;0.0;0.0;0.0;0.0;0.0;0.0;0.0;0.0;0.0;0.0;0.0;0.0;0.0;0.0;0.0
"b""NZEUKOU  D' ATOUO, SANDRINE""";['HONDARRIBIA - IRÚN'];8.0;9.2;1.75;0.5;1.5;0.33;0.0;0.0;0.0;0.75;0.75;1.0;1.25;1.0;2.25;0.0;0.0;0.25;0.0;0.12;0.0;0.25;1.0;3.38;0.0;0.0;0.0;0.0;0.0;0.0;0.0;0.0;0.0;0.0;0.0;0.0;0.0;0.0;0.0;0.0;0.0;0.0;0.0;0.0
b'ORAVCOVA, ANDREA';['CADI - ICG SOFTWARE'];19.0;20.6;4.63;1.05;2.89;0.36;0.74;2.21;0.33;0.32;0.58;0.55;0.21;1.63;1.84;1.26;0.84;0.79;0.05;0.11;0.0;2.26;1.05;2.95;0.0;0.0;0.0;0.0;0.0;0.0;0.0;0.0;0.0;0.0;0.0;0.0;0.0;0.0;0.0;0.0;0.0;0.0;0.0;0.0
b'ORTIZ VIVES, MARIONA';['TINTOS DE TORO CAJA RURAL'];20.0;28.09;8.2;2.95;7.2;0.41;0.35;1.1;0.32;1.25;1.8;0.69;0.7;2.3;3.0;3.0;1.6;3.2;0.3;0.2;0.0;2.4;2.2;6.95;0.0;0.0;0.0;0.0;0.0;0.0;0.0;0.0;0.0;0.0;0.0;0.0;0.0;0.0;0.0;0.0;0.0;0.0;0.0;0.0
b'PABLOS VILLARROEL, LUCIA';['TOYOTA RECREATIVO CONQUERO'];18.0;23.39;4.78;1.39;3.83;0.36;0.33;1.33;0.25;1.0;1.61;0.62;0.22;1.67;1.89;1.72;0.72;1.44;0.0;0.44;0.0;1.56;1.94;3.56;0.0;0.0;0.0;0.0;0.0;0.0;0.0;0.0;0.0;0.0;0.0;0.0;0.0;0.0;0.0;0.0;0.0;0.0;0.0;0.0
b'PARHAM, AJA DANIELLE';['CADI - ICG SOFTWARE'];20.0;26.38;10.8;3.25;6.3;0.52;0.85;3.2;0.27;1.75;2.5;0.7;1.2;2.85;4.05;1.7;1.5;3.35;0.7;0.2;0.0;2.55;2.7;9.2;0.0;0.0;0.0;0.0;0.0;0.0;0.0;0.0;0.0;0.0;0.0;0.0;0.0;0.0;0.0;0.0;0.0;0.0;0.0;0.0
b'PASCUA SUAREZ, MARA LUCILA';['PERFUMERIAS AVENIDA'];18.0;18.47;5.5;2.33;4.67;0.5;0.06;0.22;0.25;0.67;1.06;0.63;1.39;3.89;5.28;0.83;0.89;1.17;0.39;0.06;0.0;1.83;1.28;8.22;0.0;0.0;0.0;0.0;0.0;0.0;0.0;0.0;0.0;0.0;0.0;0.0;0.0;0.0;0.0;0.0;0.0;0.0;0.0;0.0
b'PEREZ NEGRIN, ZENAIDA';['GRAN CANARIA 2014'];9.0;3.03;0.22;0.11;0.44;0.25;0.0;0.0;0.0;0.0;0.0;0.0;0.11;0.56;0.67;0.11;0.0;0.22;0.0;0.0;0.0;0.11;0.0;0.33;0.0;0.0;0.0;0.0;0.0;0.0;0.0;0.0;0.0;0.0;0.0;0.0;0.0;0.0;0.0;0.0;0.0;0.0;0.0;0.0
b'PEREZ TORRES, TANIA';['CADI - ICG SOFTWARE'];15.0;11.4;3.87;0.8;1.6;0.5;0.47;1.27;0.37;0.87;1.13;0.76;0.33;1.13;1.47;0.4;0.47;0.67;0.0;0.07;0.0;1.13;1.6;4.07;0.0;0.0;0.0;0.0;0.0;0.0;0.0;0.0;0.0;0.0;0.0;0.0;0.0;0.0;0.0;0.0;0.0;0.0;0.0;0.0
b'PINA TOLOSA, MARIA';['PERFUMERIAS AVENIDA'];20.0;13.44;3.85;1.2;2.6;0.46;0.25;1.25;0.2;0.7;0.9;0.78;0.45;1.35;1.8;0.25;0.4;0.95;0.15;0.0;0.0;0.95;0.8;2.75;0.0;0.0;0.0;0.0;0.0;0.0;0.0;0.0;0.0;0.0;0.0;0.0;0.0;0.0;0.0;0.0;0.0;0.0;0.0;0.0
b'POUNDS, DIONNE MAI CHRISTINA';['TINTOS DE TORO CAJA RURAL'];19.0;23.45;9.84;1.58;3.89;0.41;1.68;4.16;0.41;1.63;2.0;0.82;0.11;2.21;2.32;0.58;0.84;1.53;0.0;0.16;0.0;2.58;1.84;6.0;0.0;0.0;0.0;0.0;0.0;0.0;0.0;0.0;0.0;0.0;0.0;0.0;0.0;0.0;0.0;0.0;0.0;0.0;0.0;0.0
b'POWELL, NICOLE KRISTEN';['PERFUMERIAS AVENIDA'];8.0;26.67;8.75;2.5;4.12;0.61;0.88;3.38;0.26;1.12;1.5;0.75;0.75;3.12;3.88;1.25;1.38;1.38;0.0;0.0;0.0;1.88;2.25;9.75;0.0;0.0;0.0;0.0;0.0;0.0;0.0;0.0;0.0;0.0;0.0;0.0;0.0;0.0;0.0;0.0;0.0;0.0;0.0;0.0
b'PUTNINA, AIJA';['UNB OBENASA'];17.0;34.98;15.29;4.41;10.65;0.41;0.94;3.41;0.28;3.65;4.41;0.83;2.88;5.65;8.53;0.71;0.88;2.41;0.82;0.71;0.0;2.47;4.0;15.18;0.0;0.0;0.0;0.0;0.0;0.0;0.0;0.0;0.0;0.0;0.0;0.0;0.0;0.0;0.0;0.0;0.0;0.0;0.0;0.0
b'QUINTERO CASTELLANO, THANIA';['HONDARRIBIA - IRÚN'];18.0;15.74;2.5;0.44;1.72;0.26;0.39;1.22;0.32;0.44;0.67;0.67;0.33;0.78;1.11;1.0;0.67;1.0;0.11;0.06;0.0;1.39;0.89;1.5;0.0;0.0;0.0;0.0;0.0;0.0;0.0;0.0;0.0;0.0;0.0;0.0;0.0;0.0;0.0;0.0;0.0;0.0;0.0;0.0
b'RALUY ESPADA, NEREA';['TOYOTA RECREATIVO CONQUERO'];3.0;0.62;0.67;0.33;0.33;1.0;0.0;0.0;0.0;0.0;0.0;0.0;0.0;0.0;0.0;0.0;0.0;0.0;0.0;0.0;0.0;0.0;0.0;0.67;0.0;0.0;0.0;0.0;0.0;0.0;0.0;0.0;0.0;0.0;0.0;0.0;0.0;0.0;0.0;0.0;0.0;0.0;0.0;0.0
b'REDONDO FUENTES, BEATRIZ';['TINTOS DE TORO CAJA RURAL'];1.0;1.57;2.0;1.0;1.0;1.0;0.0;0.0;0.0;0.0;0.0;0.0;0.0;0.0;0.0;1.0;0.0;0.0;0.0;0.0;0.0;0.0;0.0;3.0;0.0;0.0;0.0;0.0;0.0;0.0;0.0;0.0;0.0;0.0;0.0;0.0;0.0;0.0;0.0;0.0;0.0;0.0;0.0;0.0
b'REVUELTO SNCHEZ-AGUILERA, MARIA';['UNB OBENASA'];20.0;21.19;5.05;0.95;4.0;0.24;0.8;2.35;0.34;0.75;1.15;0.65;0.95;3.05;4.0;0.85;1.15;2.0;0.1;0.15;0.0;2.5;2.2;3.7;0.0;0.0;0.0;0.0;0.0;0.0;0.0;0.0;0.0;0.0;0.0;0.0;0.0;0.0;0.0;0.0;0.0;0.0;0.0;0.0
b'REZAN, MARIJA';['PERFUMERIAS AVENIDA'];12.0;18.0;7.83;3.17;5.67;0.56;0.0;0.0;0.0;1.5;1.92;0.78;2.08;2.92;5.0;0.42;0.67;1.33;0.67;0.08;0.0;1.42;1.92;10.75;0.0;0.0;0.0;0.0;0.0;0.0;0.0;0.0;0.0;0.0;0.0;0.0;0.0;0.0;0.0;0.0;0.0;0.0;0.0;0.0
b'RIBAS NIETO, LAURA';['SPAR UNIGIRONA'];2.0;3.02;1.0;0.0;0.5;0.0;0.0;0.0;0.0;1.0;1.0;1.0;0.0;0.0;0.0;0.0;0.0;0.0;0.0;0.0;0.0;0.5;0.5;0.5;0.0;0.0;0.0;0.0;0.0;0.0;0.0;0.0;0.0;0.0;0.0;0.0;0.0;0.0;0.0;0.0;0.0;0.0;0.0;0.0
b'RODRIGUEZ CASADO, LAURA';['RIVAS ECOPOLIS'];3.0;2.49;0.67;0.33;0.67;0.5;0.0;0.0;0.0;0.0;0.0;0.0;0.0;0.0;0.0;0.0;0.33;0.0;0.0;0.0;0.0;0.33;0.0;0.33;0.0;0.0;0.0;0.0;0.0;0.0;0.0;0.0;0.0;0.0;0.0;0.0;0.0;0.0;0.0;0.0;0.0;0.0;0.0;0.0
b'ROMERO GONZALEZ, LETICIA';['GRAN CANARIA 2014'];20.0;36.96;14.85;4.4;9.05;0.49;0.75;1.9;0.39;3.8;4.7;0.81;0.75;2.85;3.6;3.5;2.05;2.75;0.05;0.35;0.0;2.15;5.05;17.15;0.0;0.0;0.0;0.0;0.0;0.0;0.0;0.0;0.0;0.0;0.0;0.0;0.0;0.0;0.0;0.0;0.0;0.0;0.0;0.0
b'ROS CUTRINAS, ELIA';['SPAR UNIGIRONA'];9.0;3.5;0.44;0.11;0.33;0.33;0.0;0.11;0.0;0.22;0.22;1.0;0.11;0.11;0.22;0.0;0.33;0.22;0.0;0.0;0.0;0.22;0.11;0.33;0.0;0.0;0.0;0.0;0.0;0.0;0.0;0.0;0.0;0.0;0.0;0.0;0.0;0.0;0.0;0.0;0.0;0.0;0.0;0.0
b'SANCHEZ FERNANDEZ, ISABEL';['PERFUMERIAS AVENIDA'];9.0;15.09;7.33;0.89;2.0;0.44;1.11;2.33;0.48;2.22;2.56;0.87;0.44;1.22;1.67;1.0;0.67;1.33;0.22;0.22;0.0;1.0;2.11;7.78;0.0;0.0;0.0;0.0;0.0;0.0;0.0;0.0;0.0;0.0;0.0;0.0;0.0;0.0;0.0;0.0;0.0;0.0;0.0;0.0
b'SANCHEZ MARRUFO, BEATRIZ';['C.B. BEMBIBRE PDM'];20.0;13.71;2.9;0.85;2.0;0.42;0.25;0.85;0.29;0.45;0.6;0.75;0.8;1.5;2.3;0.25;0.45;1.0;0.15;0.1;0.0;1.7;0.95;2.3;0.0;0.0;0.0;0.0;0.0;0.0;0.0;0.0;0.0;0.0;0.0;0.0;0.0;0.0;0.0;0.0;0.0;0.0;0.0;0.0
b'SARR, OUMOUL KHAIRY';['SPAR UNIGIRONA'];20.0;22.9;7.1;2.9;4.8;0.6;0.05;0.2;0.25;1.15;1.4;0.82;0.9;3.2;4.1;1.65;0.85;2.7;0.3;0.15;0.0;2.6;1.5;7.75;0.0;0.0;0.0;0.0;0.0;0.0;0.0;0.0;0.0;0.0;0.0;0.0;0.0;0.0;0.0;0.0;0.0;0.0;0.0;0.0
b'SLISKOVIC, IVA';['PERFUMERIAS AVENIDA'];6.0;16.82;4.17;1.17;4.5;0.26;0.0;0.0;0.0;1.83;3.0;0.61;1.33;2.83;4.17;0.67;0.67;0.67;0.17;0.33;0.0;2.5;2.33;4.17;0.0;0.0;0.0;0.0;0.0;0.0;0.0;0.0;0.0;0.0;0.0;0.0;0.0;0.0;0.0;0.0;0.0;0.0;0.0;0.0
b'SOLER SUAREZ, PATRICIA';['TOYOTA RECREATIVO CONQUERO'];17.0;6.08;0.94;0.35;0.94;0.38;0.0;0.0;0.0;0.24;0.24;1.0;0.47;0.41;0.88;0.18;0.06;0.76;0.12;0.12;0.0;0.47;0.35;0.59;0.0;0.0;0.0;0.0;0.0;0.0;0.0;0.0;0.0;0.0;0.0;0.0;0.0;0.0;0.0;0.0;0.0;0.0;0.0;0.0
b'SOTIRIOU, AIKATERINA';['UNB OBENASA'];19.0;25.14;6.58;1.79;5.68;0.31;0.74;2.42;0.3;0.79;1.05;0.75;1.05;4.16;5.21;1.16;1.21;1.68;0.11;0.26;0.0;2.58;1.89;5.79;0.0;0.0;0.0;0.0;0.0;0.0;0.0;0.0;0.0;0.0;0.0;0.0;0.0;0.0;0.0;0.0;0.0;0.0;0.0;0.0
b'STEVENSON, MANDISA ARAMINTA SANURA';['HONDARRIBIA - IRÚN'];20.0;28.55;8.45;3.0;8.05;0.37;0.35;1.15;0.3;1.4;2.15;0.65;2.1;4.85;6.95;0.95;0.7;1.6;0.45;0.3;0.0;2.1;2.4;9.3;0.0;0.0;0.0;0.0;0.0;0.0;0.0;0.0;0.0;0.0;0.0;0.0;0.0;0.0;0.0;0.0;0.0;0.0;0.0;0.0
b'STEWART, AZANIA JOCELYN DINAH';['TINTOS DE TORO CAJA RURAL'];10.0;12.25;5.7;1.8;4.6;0.39;0.0;0.1;0.0;2.1;2.4;0.88;0.9;1.0;1.9;0.6;0.1;1.0;0.6;0.1;0.0;2.2;2.4;4.8;0.0;0.0;0.0;0.0;0.0;0.0;0.0;0.0;0.0;0.0;0.0;0.0;0.0;0.0;0.0;0.0;0.0;0.0;0.0;0.0
b'SUAREZ UTRERO, ANA MARIA';['HONDARRIBIA - IRÚN'];20.0;28.98;8.45;1.9;5.4;0.35;1.2;3.2;0.38;1.05;1.25;0.84;0.9;2.35;3.25;2.9;1.4;2.75;0.0;0.2;0.0;2.05;2.1;7.4;0.0;0.0;0.0;0.0;0.0;0.0;0.0;0.0;0.0;0.0;0.0;0.0;0.0;0.0;0.0;0.0;0.0;0.0;0.0;0.0
b'SULCIUTE, EGLE';['PERFUMERIAS AVENIDA'];20.0;24.81;8.75;1.7;3.5;0.49;1.35;3.2;0.42;1.3;1.55;0.84;1.55;4.8;6.35;1.9;0.9;2.05;0.1;0.25;0.0;1.9;2.1;12.0;0.0;0.0;0.0;0.0;0.0;0.0;0.0;0.0;0.0;0.0;0.0;0.0;0.0;0.0;0.0;0.0;0.0;0.0;0.0;0.0
b'TINEO HERNANDEZ, BLANCA CELIA';['GRAN CANARIA 2014'];17.0;15.24;4.35;0.71;1.82;0.39;0.94;3.47;0.27;0.12;0.29;0.4;0.06;0.94;1.0;0.35;0.53;1.18;0.0;0.06;0.0;1.41;0.59;0.35;0.0;0.0;0.0;0.0;0.0;0.0;0.0;0.0;0.0;0.0;0.0;0.0;0.0;0.0;0.0;0.0;0.0;0.0;0.0;0.0
b'TOGORES CARPINTERO, LUCIA';['RIVAS ECOPOLIS'];4.0;6.09;0.5;0.25;1.25;0.2;0.0;0.0;0.0;0.0;0.0;0.0;0.0;0.5;0.5;0.5;0.0;0.25;0.0;0.0;0.0;0.75;0.0;-0.5;0.0;0.0;0.0;0.0;0.0;0.0;0.0;0.0;0.0;0.0;0.0;0.0;0.0;0.0;0.0;0.0;0.0;0.0;0.0;0.0
b'TRAORE, ASTOU';['CADI - ICG SOFTWARE'];20.0;28.46;15.85;4.85;8.45;0.57;0.6;2.0;0.3;4.35;5.05;0.86;1.7;3.5;5.2;1.0;1.25;3.05;0.2;0.6;0.0;3.05;3.9;15.0;0.0;0.0;0.0;0.0;0.0;0.0;0.0;0.0;0.0;0.0;0.0;0.0;0.0;0.0;0.0;0.0;0.0;0.0;0.0;0.0
b'TUDANCA ACEDO, MARTA';['C.B. BEMBIBRE PDM'];20.0;17.71;3.8;1.15;2.95;0.39;0.25;1.15;0.22;0.75;1.0;0.75;1.35;2.0;3.35;0.8;0.4;1.4;0.0;0.1;0.0;0.9;1.15;4.15;0.0;0.0;0.0;0.0;0.0;0.0;0.0;0.0;0.0;0.0;0.0;0.0;0.0;0.0;0.0;0.0;0.0;0.0;0.0;0.0
b'TUUKKANEN, TARU TELLERVO';['TINTOS DE TORO CAJA RURAL'];20.0;27.11;13.7;4.75;10.45;0.45;0.1;0.5;0.2;3.9;5.0;0.78;2.35;3.9;6.25;0.9;1.05;1.15;0.4;0.2;0.0;2.55;4.1;15.3;0.0;0.0;0.0;0.0;0.0;0.0;0.0;0.0;0.0;0.0;0.0;0.0;0.0;0.0;0.0;0.0;0.0;0.0;0.0;0.0
b'VAJDA, ANNA';['RIVAS ECOPOLIS'];4.0;17.74;8.75;2.25;5.5;0.41;1.25;2.5;0.5;0.5;1.0;0.5;2.25;2.0;4.25;0.75;1.0;1.25;0.25;0.75;0.0;2.5;1.5;7.0;0.0;0.0;0.0;0.0;0.0;0.0;0.0;0.0;0.0;0.0;0.0;0.0;0.0;0.0;0.0;0.0;0.0;0.0;0.0;0.0
b'VIE AFONSO, VICTORIA';['GRAN CANARIA 2014'];4.0;2.29;0.75;0.0;0.25;0.0;0.25;1.0;0.25;0.0;0.0;0.0;0.0;0.0;0.0;0.0;0.0;0.25;0.0;0.0;0.0;0.75;0.0;-1.25;0.0;0.0;0.0;0.0;0.0;0.0;0.0;0.0;0.0;0.0;0.0;0.0;0.0;0.0;0.0;0.0;0.0;0.0;0.0;0.0
b'VILARO ARAGONES, ANDREA';['TINTOS DE TORO CAJA RURAL'];17.0;10.33;1.82;0.41;1.53;0.27;0.18;1.18;0.15;0.47;0.59;0.8;0.41;0.82;1.24;0.53;0.24;0.41;0.0;0.0;0.0;0.76;0.59;1.0;0.0;0.0;0.0;0.0;0.0;0.0;0.0;0.0;0.0;0.0;0.0;0.0;0.0;0.0;0.0;0.0;0.0;0.0;0.0;0.0
b'VIVAS SACRAMENTO, ELISABET';['C.B. BEMBIBRE PDM'];20.0;21.06;4.9;0.85;2.7;0.31;0.95;3.1;0.31;0.35;0.55;0.64;0.75;1.35;2.1;1.6;0.4;1.25;0.2;0.25;0.0;2.55;0.8;1.75;0.0;0.0;0.0;0.0;0.0;0.0;0.0;0.0;0.0;0.0;0.0;0.0;0.0;0.0;0.0;0.0;0.0;0.0;0.0;0.0
b'VOLONAKI, VAKINA';['TOYOTA RECREATIVO CONQUERO'];2.0;21.93;7.0;2.5;5.0;0.5;0.5;2.0;0.25;0.5;1.0;0.5;0.0;1.5;1.5;4.0;1.5;2.5;0.0;0.0;0.0;1.0;2.0;8.0;0.0;0.0;0.0;0.0;0.0;0.0;0.0;0.0;0.0;0.0;0.0;0.0;0.0;0.0;0.0;0.0;0.0;0.0;0.0;0.0
b'VORONINA, ARIADNA';['GRAN CANARIA 2014'];5.0;4.84;0.6;0.0;0.4;0.0;0.2;0.2;1.0;0.0;0.0;0.0;0.4;0.4;0.8;0.6;0.0;0.6;0.0;0.2;0.0;0.8;0.0;0.0;0.0;0.0;0.0;0.0;0.0;0.0;0.0;0.0;0.0;0.0;0.0;0.0;0.0;0.0;0.0;0.0;0.0;0.0;0.0;0.0
b'WALICH, JOANNA JADWIGA';['TOYOTA RECREATIVO CONQUERO'];18.0;29.26;14.89;5.5;10.44;0.53;0.5;1.33;0.38;2.39;2.89;0.83;1.28;3.78;5.06;0.94;1.06;2.94;0.5;0.33;0.0;3.78;3.06;12.17;0.0;0.0;0.0;0.0;0.0;0.0;0.0;0.0;0.0;0.0;0.0;0.0;0.0;0.0;0.0;0.0;0.0;0.0;0.0;0.0
b'WILLINGHAM, LE`COE LOUISE';['PERFUMERIAS AVENIDA'];14.0;25.9;10.5;3.29;5.79;0.57;0.64;2.71;0.24;2.0;2.71;0.74;1.5;5.0;6.5;1.21;1.07;1.93;0.57;0.21;0.0;2.64;2.29;12.07;0.0;0.0;0.0;0.0;0.0;0.0;0.0;0.0;0.0;0.0;0.0;0.0;0.0;0.0;0.0;0.0;0.0;0.0;0.0;0.0
b'XARGAY CASADEMONT, MARTA';['PERFUMERIAS AVENIDA'];20.0;26.44;8.5;2.0;4.1;0.49;1.0;2.65;0.38;1.5;2.15;0.7;1.0;2.6;3.6;2.55;2.05;3.15;0.1;0.25;0.0;2.85;2.75;8.9;0.0;0.0;0.0;0.0;0.0;0.0;0.0;0.0;0.0;0.0;0.0;0.0;0.0;0.0;0.0;0.0;0.0;0.0;0.0;0.0
b'YGUERAVIDE VIANA, SANDRA';['HONDARRIBIA - IRÚN'];10.0;35.91;12.8;2.6;6.7;0.39;1.7;4.5;0.38;2.5;2.8;0.89;0.2;3.1;3.3;4.1;1.5;3.1;0.1;0.3;0.0;2.3;3.6;12.5;0.0;0.0;0.0;0.0;0.0;0.0;0.0;0.0;0.0;0.0;0.0;0.0;0.0;0.0;0.0;0.0;0.0;0.0;0.0;0.0
b'ZLATANOVA, JAKLIN';['RIVAS ECOPOLIS'];3.0;12.4;2.0;1.0;2.0;0.5;0.0;0.0;0.0;0.0;0.33;0.0;0.67;1.0;1.67;1.0;0.0;0.33;0.0;0.0;0.0;1.33;0.33;2.0;0.0;0.0;0.0;0.0;0.0;0.0;0.0;0.0;0.0;0.0;0.0;0.0;0.0;0.0;0.0;0.0;0.0;0.0;0.0;0.0
