Nombre;Condicion;Partidos;Minutos;Puntos;T2 Anotados;T2 Lanzados;% T2;T3 Anotados;T3 Lanzados;% T3;T1 Anotados;T1 Lanzados;% T1;Reb. Ofensivos;Reb. Defensivos;Rebotes;Asistencias;Robos;Perdidas;Tapones;Tapones Recibidos;Mates;Faltas Cometidas;Faltas Recibidas;Valoracion;Posesiones;Ritmo;OER;% TC Efectivo;% Jugada;Frec. TL;% Reb Def;% Reb Of;% Assis;% Perd
['ACIS INCOSA LEON', 'ACIS INCOSA LEON', 'ACIS INCOSA LEON', 'ACIS INCOSA LEON', 'ACIS INCOSA LEON', 'ACIS INCOSA LEON', 'ACIS INCOSA LEON', 'ACIS INCOSA LEON', 'ACIS INCOSA LEON', 'ACIS INCOSA LEON', 'ACIS INCOSA LEON', 'ACIS INCOSA LEON'] Equipo;['Media'];2.0;200.0;78.0;21.0;46.0;0.46;6.0;12.5;0.48;18.0;23.0;0.78;10.5;22.5;33.0;13.5;12.5;17.5;2.0;4.0;0.0;21.5;20.5;80.0;0.0;0.0;0.0;0.0;0.0;0.0;0.0;0.0;0.0;0.0
['ACIS INCOSA LEON', 'ACIS INCOSA LEON', 'ACIS INCOSA LEON', 'ACIS INCOSA LEON', 'ACIS INCOSA LEON', 'ACIS INCOSA LEON', 'ACIS INCOSA LEON', 'ACIS INCOSA LEON', 'ACIS INCOSA LEON', 'ACIS INCOSA LEON', 'ACIS INCOSA LEON', 'ACIS INCOSA LEON'] Equipo Rival;['Media Rival'];2.0;200.0;63.0;21.5;46.0;0.47;3.0;13.0;0.23;11.0;19.5;0.56;10.0;18.5;28.5;8.0;8.5;18.5;4.0;2.0;0.0;20.5;21.5;49.5;0.0;0.0;0.0;0.0;0.0;0.0;0.0;0.0;0.0;0.0
['ACIS INCOSA LEON', 'ACIS INCOSA LEON', 'ACIS INCOSA LEON', 'ACIS INCOSA LEON', 'ACIS INCOSA LEON', 'ACIS INCOSA LEON', 'ACIS INCOSA LEON', 'ACIS INCOSA LEON', 'ACIS INCOSA LEON', 'ACIS INCOSA LEON', 'ACIS INCOSA LEON'] Equipo;['Media'];11.0;202.27;71.45;23.36;51.18;0.46;3.55;10.18;0.35;14.09;20.45;0.69;8.82;22.55;31.36;11.55;8.36;13.64;1.36;2.64;0.64;16.91;20.18;70.27;0.0;0.0;0.0;0.0;0.0;0.0;0.0;0.0;0.0;0.0
['ACIS INCOSA LEON', 'ACIS INCOSA LEON', 'ACIS INCOSA LEON', 'ACIS INCOSA LEON', 'ACIS INCOSA LEON', 'ACIS INCOSA LEON', 'ACIS INCOSA LEON', 'ACIS INCOSA LEON', 'ACIS INCOSA LEON', 'ACIS INCOSA LEON', 'ACIS INCOSA LEON'] Equipo Rival;['Media Rival'];11.0;202.27;74.45;21.09;43.73;0.48;7.27;18.64;0.39;10.45;15.18;0.69;9.73;23.0;32.73;12.09;7.73;14.55;2.64;1.36;0.0;20.0;16.73;71.73;0.0;0.0;0.0;0.0;0.0;0.0;0.0;0.0;0.0;0.0
['ACIS INCOSA LEON', 'ACIS INCOSA LEON', 'ACIS INCOSA LEON', 'ACIS INCOSA LEON', 'ACIS INCOSA LEON', 'ACIS INCOSA LEON', 'ACIS INCOSA LEON', 'ACIS INCOSA LEON', 'ACIS INCOSA LEON', 'ACIS INCOSA LEON'] Equipo;['Media'];11.0;202.27;63.0;18.55;48.36;0.38;4.0;10.45;0.38;13.91;18.91;0.74;9.82;24.0;33.82;9.36;7.91;15.09;1.27;2.64;0.0;16.0;18.82;59.18;0.0;0.0;0.0;0.0;0.0;0.0;0.0;0.0;0.0;0.0
['ACIS INCOSA LEON', 'ACIS INCOSA LEON', 'ACIS INCOSA LEON', 'ACIS INCOSA LEON', 'ACIS INCOSA LEON', 'ACIS INCOSA LEON', 'ACIS INCOSA LEON', 'ACIS INCOSA LEON', 'ACIS INCOSA LEON', 'ACIS INCOSA LEON'] Equipo Rival;['Media Rival'];11.0;202.27;66.45;17.55;39.91;0.44;6.55;20.0;0.33;11.73;15.0;0.78;8.36;25.36;33.73;13.09;8.55;14.73;2.55;1.27;0.09;18.91;15.82;66.18;0.0;0.0;0.0;0.0;0.0;0.0;0.0;0.0;0.0;0.0
['ACIS INCOSA LEON', 'ACIS INCOSA LEON', 'ACIS INCOSA LEON', 'ACIS INCOSA LEON', 'ACIS INCOSA LEON', 'ACIS INCOSA LEON', 'ACIS INCOSA LEON', 'ACIS INCOSA LEON', 'ACIS INCOSA LEON'] Equipo;['Media'];2.0;200.0;70.0;22.0;48.0;0.46;3.5;13.0;0.27;15.5;19.0;0.82;11.0;24.0;35.0;9.5;5.0;14.5;1.0;2.0;0.0;17.5;20.0;67.5;0.0;0.0;0.0;0.0;0.0;0.0;0.0;0.0;0.0;0.0
['ACIS INCOSA LEON', 'ACIS INCOSA LEON', 'ACIS INCOSA LEON', 'ACIS INCOSA LEON', 'ACIS INCOSA LEON', 'ACIS INCOSA LEON', 'ACIS INCOSA LEON', 'ACIS INCOSA LEON', 'ACIS INCOSA LEON'] Equipo Rival;['Media Rival'];2.0;200.0;67.5;21.5;46.0;0.47;4.5;15.5;0.29;11.0;13.0;0.85;8.0;23.0;31.0;14.0;6.5;12.5;2.0;1.0;0.0;20.0;17.0;67.0;0.0;0.0;0.0;0.0;0.0;0.0;0.0;0.0;0.0;0.0
['ARRANZ-JOPISA BURGOS', 'ARRANZ-JOPISA BURGOS', 'ARRANZ-JOPISA BURGOS', 'ARRANZ-JOPISA BURGOS', 'ARRANZ-JOPISA BURGOS', 'ARRANZ-JOPISA BURGOS', 'ARRANZ-JOPISA BURGOS', 'ARRANZ-JOPISA BURGOS', 'ARRANZ-JOPISA BURGOS', 'ARRANZ-JOPISA BURGOS', 'ARRANZ-JOPISA BURGOS'] Equipo;['Media'];14.0;201.79;71.57;22.21;48.64;0.46;3.71;12.21;0.3;16.0;21.86;0.73;10.0;25.93;35.93;14.29;9.5;15.36;1.64;1.93;0.0;19.86;21.07;76.07;0.0;0.0;0.0;0.0;0.0;0.0;0.0;0.0;0.0;0.0
['ARRANZ-JOPISA BURGOS', 'ARRANZ-JOPISA BURGOS', 'ARRANZ-JOPISA BURGOS', 'ARRANZ-JOPISA BURGOS', 'ARRANZ-JOPISA BURGOS', 'ARRANZ-JOPISA BURGOS', 'ARRANZ-JOPISA BURGOS', 'ARRANZ-JOPISA BURGOS', 'ARRANZ-JOPISA BURGOS', 'ARRANZ-JOPISA BURGOS', 'ARRANZ-JOPISA BURGOS'] Equipo Rival;['Media Rival'];14.0;201.79;68.71;17.57;40.21;0.44;6.43;20.21;0.32;14.29;20.36;0.7;8.57;22.86;31.43;10.57;9.21;14.86;1.93;1.64;0.0;21.14;19.79;61.5;0.0;0.0;0.0;0.0;0.0;0.0;0.0;0.0;0.0;0.0
['ARRANZ-JOPISA BURGOS', 'ARRANZ-JOPISA BURGOS', 'ARRANZ-JOPISA BURGOS', 'ARRANZ-JOPISA BURGOS', 'ARRANZ-JOPISA BURGOS', 'ARRANZ-JOPISA BURGOS', 'ARRANZ-JOPISA BURGOS', 'ARRANZ-JOPISA BURGOS', 'ARRANZ-JOPISA BURGOS', 'ARRANZ-JOPISA BURGOS'] Equipo;['Media'];8.0;200.0;71.38;23.88;45.62;0.52;4.62;12.75;0.36;9.75;14.12;0.69;7.88;24.5;32.38;15.12;9.25;16.62;2.0;2.62;0.0;19.0;17.12;74.75;0.0;0.0;0.0;0.0;0.0;0.0;0.0;0.0;0.0;0.0
['ARRANZ-JOPISA BURGOS', 'ARRANZ-JOPISA BURGOS', 'ARRANZ-JOPISA BURGOS', 'ARRANZ-JOPISA BURGOS', 'ARRANZ-JOPISA BURGOS', 'ARRANZ-JOPISA BURGOS', 'ARRANZ-JOPISA BURGOS', 'ARRANZ-JOPISA BURGOS', 'ARRANZ-JOPISA BURGOS', 'ARRANZ-JOPISA BURGOS'] Equipo Rival;['Media Rival'];8.0;200.0;64.0;17.88;40.62;0.44;5.62;19.75;0.28;11.38;16.62;0.68;10.88;20.38;31.25;10.0;9.5;16.88;2.62;2.0;0.0;17.12;18.75;58.0;0.0;0.0;0.0;0.0;0.0;0.0;0.0;0.0;0.0;0.0
['ARRANZ-JOPISA BURGOS', 'ARRANZ-JOPISA BURGOS', 'ARRANZ-JOPISA BURGOS', 'ARRANZ-JOPISA BURGOS', 'ARRANZ-JOPISA BURGOS', 'ARRANZ-JOPISA BURGOS', 'ARRANZ-JOPISA BURGOS', 'ARRANZ-JOPISA BURGOS', 'ARRANZ-JOPISA BURGOS'] Equipo;['Media'];4.0;200.0;63.25;18.75;46.75;0.4;4.75;15.25;0.31;11.5;16.0;0.72;11.25;20.5;31.75;11.75;12.0;14.0;2.5;2.25;0.0;17.0;15.25;60.25;0.0;0.0;0.0;0.0;0.0;0.0;0.0;0.0;0.0;0.0
['ARRANZ-JOPISA BURGOS', 'ARRANZ-JOPISA BURGOS', 'ARRANZ-JOPISA BURGOS', 'ARRANZ-JOPISA BURGOS', 'ARRANZ-JOPISA BURGOS', 'ARRANZ-JOPISA BURGOS', 'ARRANZ-JOPISA BURGOS', 'ARRANZ-JOPISA BURGOS', 'ARRANZ-JOPISA BURGOS'] Equipo Rival;['Media Rival'];4.0;200.0;62.5;16.5;39.75;0.42;6.25;16.25;0.38;10.75;14.75;0.73;10.0;25.25;35.25;9.0;8.25;19.0;2.25;2.5;0.0;15.5;17.0;60.0;0.0;0.0;0.0;0.0;0.0;0.0;0.0;0.0;0.0;0.0
['CIUDAD ROS CASARES VALENCIA', 'CIUDAD ROS CASARES VALENCIA', 'CIUDAD ROS CASARES VALENCIA', 'CIUDAD ROS CASARES VALENCIA', 'CIUDAD ROS CASARES VALENCIA', 'CIUDAD ROS CASARES VALENCIA', 'CIUDAD ROS CASARES VALENCIA', 'CIUDAD ROS CASARES VALENCIA', 'CIUDAD ROS CASARES VALENCIA', 'CIUDAD ROS CASARES VALENCIA', 'CIUDAD ROS CASARES VALENCIA', 'CIUDAD ROS CASARES VALENCIA', 'CIUDAD ROS CASARES VALENCIA'] Equipo;['Media'];1.0;200.0;78.0;24.0;55.0;0.44;9.0;15.0;0.6;3.0;6.0;0.5;12.0;30.0;42.0;24.0;10.0;16.0;7.0;1.0;0.0;15.0;10.0;99.0;0.0;0.0;0.0;0.0;0.0;0.0;0.0;0.0;0.0;0.0
['CIUDAD ROS CASARES VALENCIA', 'CIUDAD ROS CASARES VALENCIA', 'CIUDAD ROS CASARES VALENCIA', 'CIUDAD ROS CASARES VALENCIA', 'CIUDAD ROS CASARES VALENCIA', 'CIUDAD ROS CASARES VALENCIA', 'CIUDAD ROS CASARES VALENCIA', 'CIUDAD ROS CASARES VALENCIA', 'CIUDAD ROS CASARES VALENCIA', 'CIUDAD ROS CASARES VALENCIA', 'CIUDAD ROS CASARES VALENCIA', 'CIUDAD ROS CASARES VALENCIA', 'CIUDAD ROS CASARES VALENCIA'] Equipo Rival;['Media Rival'];1.0;200.0;58.0;13.0;49.0;0.27;7.0;10.0;0.7;11.0;14.0;0.79;8.0;22.0;30.0;14.0;8.0;20.0;1.0;7.0;0.0;10.0;15.0;47.0;0.0;0.0;0.0;0.0;0.0;0.0;0.0;0.0;0.0;0.0
['CIUDAD ROS CASARES VALENCIA', 'CIUDAD ROS CASARES VALENCIA', 'CIUDAD ROS CASARES VALENCIA', 'CIUDAD ROS CASARES VALENCIA', 'CIUDAD ROS CASARES VALENCIA', 'CIUDAD ROS CASARES VALENCIA', 'CIUDAD ROS CASARES VALENCIA', 'CIUDAD ROS CASARES VALENCIA', 'CIUDAD ROS CASARES VALENCIA', 'CIUDAD ROS CASARES VALENCIA', 'CIUDAD ROS CASARES VALENCIA', 'CIUDAD ROS CASARES VALENCIA'] Equipo;['Media'];3.0;200.0;76.0;24.33;44.67;0.54;6.33;15.33;0.41;8.33;15.33;0.54;7.33;23.33;30.67;18.0;12.0;14.67;4.33;2.0;0.0;20.0;11.33;79.33;0.0;0.0;0.0;0.0;0.0;0.0;0.0;0.0;0.0;0.0
['CIUDAD ROS CASARES VALENCIA', 'CIUDAD ROS CASARES VALENCIA', 'CIUDAD ROS CASARES VALENCIA', 'CIUDAD ROS CASARES VALENCIA', 'CIUDAD ROS CASARES VALENCIA', 'CIUDAD ROS CASARES VALENCIA', 'CIUDAD ROS CASARES VALENCIA', 'CIUDAD ROS CASARES VALENCIA', 'CIUDAD ROS CASARES VALENCIA', 'CIUDAD ROS CASARES VALENCIA', 'CIUDAD ROS CASARES VALENCIA', 'CIUDAD ROS CASARES VALENCIA'] Equipo Rival;['Media Rival'];3.0;200.0;56.67;15.67;40.33;0.39;4.0;16.33;0.24;13.33;18.33;0.73;10.67;20.33;31.0;13.0;8.0;18.67;2.0;4.33;0.0;17.0;12.67;41.33;0.0;0.0;0.0;0.0;0.0;0.0;0.0;0.0;0.0;0.0
['CIUDAD ROS CASARES VALENCIA', 'CIUDAD ROS CASARES VALENCIA', 'CIUDAD ROS CASARES VALENCIA', 'CIUDAD ROS CASARES VALENCIA', 'CIUDAD ROS CASARES VALENCIA', 'CIUDAD ROS CASARES VALENCIA', 'CIUDAD ROS CASARES VALENCIA', 'CIUDAD ROS CASARES VALENCIA', 'CIUDAD ROS CASARES VALENCIA', 'CIUDAD ROS CASARES VALENCIA', 'CIUDAD ROS CASARES VALENCIA'] Equipo;['Media'];13.0;200.0;81.54;27.15;49.77;0.55;4.92;15.46;0.32;12.46;17.15;0.73;10.54;28.92;39.46;18.54;9.23;15.0;4.69;1.38;0.0;19.15;17.77;97.85;0.0;0.0;0.0;0.0;0.0;0.0;0.0;0.0;0.0;0.0
['CIUDAD ROS CASARES VALENCIA', 'CIUDAD ROS CASARES VALENCIA', 'CIUDAD ROS CASARES VALENCIA', 'CIUDAD ROS CASARES VALENCIA', 'CIUDAD ROS CASARES VALENCIA', 'CIUDAD ROS CASARES VALENCIA', 'CIUDAD ROS CASARES VALENCIA', 'CIUDAD ROS CASARES VALENCIA', 'CIUDAD ROS CASARES VALENCIA', 'CIUDAD ROS CASARES VALENCIA', 'CIUDAD ROS CASARES VALENCIA'] Equipo Rival;['Media Rival'];13.0;200.0;60.85;18.46;47.69;0.39;4.08;14.38;0.28;11.69;17.31;0.68;8.23;21.15;29.38;10.92;7.92;14.85;1.38;4.69;0.0;17.85;19.08;47.0;0.0;0.0;0.0;0.0;0.0;0.0;0.0;0.0;0.0;0.0
['CIUDAD ROS CASARES VALENCIA', 'CIUDAD ROS CASARES VALENCIA', 'CIUDAD ROS CASARES VALENCIA', 'CIUDAD ROS CASARES VALENCIA', 'CIUDAD ROS CASARES VALENCIA', 'CIUDAD ROS CASARES VALENCIA', 'CIUDAD ROS CASARES VALENCIA', 'CIUDAD ROS CASARES VALENCIA', 'CIUDAD ROS CASARES VALENCIA', 'CIUDAD ROS CASARES VALENCIA'] Equipo;['Media'];7.0;200.0;72.57;23.29;47.71;0.49;5.14;13.14;0.39;10.57;14.86;0.71;7.0;27.29;34.29;13.86;6.86;13.86;4.29;1.29;0.0;17.43;16.43;79.0;0.0;0.0;0.0;0.0;0.0;0.0;0.0;0.0;0.0;0.0
['CIUDAD ROS CASARES VALENCIA', 'CIUDAD ROS CASARES VALENCIA', 'CIUDAD ROS CASARES VALENCIA', 'CIUDAD ROS CASARES VALENCIA', 'CIUDAD ROS CASARES VALENCIA', 'CIUDAD ROS CASARES VALENCIA', 'CIUDAD ROS CASARES VALENCIA', 'CIUDAD ROS CASARES VALENCIA', 'CIUDAD ROS CASARES VALENCIA', 'CIUDAD ROS CASARES VALENCIA'] Equipo Rival;['Media Rival'];7.0;200.0;66.14;22.14;54.0;0.41;2.57;10.71;0.24;14.14;17.0;0.83;8.14;23.43;31.57;9.71;6.0;12.86;1.29;4.14;0.0;16.14;17.0;55.71;0.0;0.0;0.0;0.0;0.0;0.0;0.0;0.0;0.0;0.0
['CIUDAD ROS CASARES VALENCIA', 'CIUDAD ROS CASARES VALENCIA', 'CIUDAD ROS CASARES VALENCIA', 'CIUDAD ROS CASARES VALENCIA', 'CIUDAD ROS CASARES VALENCIA', 'CIUDAD ROS CASARES VALENCIA', 'CIUDAD ROS CASARES VALENCIA', 'CIUDAD ROS CASARES VALENCIA', 'CIUDAD ROS CASARES VALENCIA'] Equipo;['Media'];2.0;200.0;73.0;24.0;42.5;0.56;2.5;12.0;0.21;17.5;19.5;0.9;7.5;23.5;31.0;16.0;7.0;13.0;2.5;0.5;0.0;21.5;20.0;84.5;0.0;0.0;0.0;0.0;0.0;0.0;0.0;0.0;0.0;0.0
['CIUDAD ROS CASARES VALENCIA', 'CIUDAD ROS CASARES VALENCIA', 'CIUDAD ROS CASARES VALENCIA', 'CIUDAD ROS CASARES VALENCIA', 'CIUDAD ROS CASARES VALENCIA', 'CIUDAD ROS CASARES VALENCIA', 'CIUDAD ROS CASARES VALENCIA', 'CIUDAD ROS CASARES VALENCIA', 'CIUDAD ROS CASARES VALENCIA'] Equipo Rival;['Media Rival'];2.0;200.0;76.0;20.0;43.0;0.47;6.5;18.5;0.35;16.5;18.0;0.92;8.0;17.0;25.0;16.0;9.0;10.5;0.5;2.5;0.0;20.0;21.5;78.5;0.0;0.0;0.0;0.0;0.0;0.0;0.0;0.0;0.0;0.0
['EBE PROMOCIONES-PDV STA.EULALIA', 'EBE PROMOCIONES-PDV STA.EULALIA', 'EBE PROMOCIONES-PDV STA.EULALIA', 'EBE PROMOCIONES-PDV STA.EULALIA', 'EBE PROMOCIONES-PDV STA.EULALIA', 'EBE PROMOCIONES-PDV STA.EULALIA', 'EBE PROMOCIONES-PDV STA.EULALIA', 'EBE PROMOCIONES-PDV STA.EULALIA', 'EBE PROMOCIONES-PDV STA.EULALIA', 'EBE PROMOCIONES-PDV STA.EULALIA', 'EBE PROMOCIONES-PDV STA.EULALIA'] Equipo;['Media'];2.0;200.0;69.0;20.0;44.5;0.45;5.5;12.0;0.46;12.5;16.0;0.78;5.0;21.0;26.0;14.0;7.5;14.0;2.0;4.5;0.0;16.5;18.0;67.0;0.0;0.0;0.0;0.0;0.0;0.0;0.0;0.0;0.0;0.0
['EBE PROMOCIONES-PDV STA.EULALIA', 'EBE PROMOCIONES-PDV STA.EULALIA', 'EBE PROMOCIONES-PDV STA.EULALIA', 'EBE PROMOCIONES-PDV STA.EULALIA', 'EBE PROMOCIONES-PDV STA.EULALIA', 'EBE PROMOCIONES-PDV STA.EULALIA', 'EBE PROMOCIONES-PDV STA.EULALIA', 'EBE PROMOCIONES-PDV STA.EULALIA', 'EBE PROMOCIONES-PDV STA.EULALIA', 'EBE PROMOCIONES-PDV STA.EULALIA', 'EBE PROMOCIONES-PDV STA.EULALIA'] Equipo Rival;['Media Rival'];2.0;200.0;70.5;23.5;46.0;0.51;4.0;15.0;0.27;11.5;18.0;0.64;11.5;25.0;36.5;13.5;9.0;17.5;4.5;2.0;0.0;18.0;16.5;73.0;0.0;0.0;0.0;0.0;0.0;0.0;0.0;0.0;0.0;0.0
['EBE PROMOCIONES-PDV STA.EULALIA', 'EBE PROMOCIONES-PDV STA.EULALIA', 'EBE PROMOCIONES-PDV STA.EULALIA', 'EBE PROMOCIONES-PDV STA.EULALIA', 'EBE PROMOCIONES-PDV STA.EULALIA', 'EBE PROMOCIONES-PDV STA.EULALIA', 'EBE PROMOCIONES-PDV STA.EULALIA', 'EBE PROMOCIONES-PDV STA.EULALIA', 'EBE PROMOCIONES-PDV STA.EULALIA', 'EBE PROMOCIONES-PDV STA.EULALIA'] Equipo;['Media'];13.0;201.92;68.54;21.46;45.92;0.47;4.31;13.92;0.31;12.69;17.23;0.74;9.69;21.15;30.85;12.54;9.85;14.69;2.08;2.46;0.15;16.77;19.0;70.31;0.0;0.0;0.0;0.0;0.0;0.0;0.0;0.0;0.0;0.0
['EBE PROMOCIONES-PDV STA.EULALIA', 'EBE PROMOCIONES-PDV STA.EULALIA', 'EBE PROMOCIONES-PDV STA.EULALIA', 'EBE PROMOCIONES-PDV STA.EULALIA', 'EBE PROMOCIONES-PDV STA.EULALIA', 'EBE PROMOCIONES-PDV STA.EULALIA', 'EBE PROMOCIONES-PDV STA.EULALIA', 'EBE PROMOCIONES-PDV STA.EULALIA', 'EBE PROMOCIONES-PDV STA.EULALIA', 'EBE PROMOCIONES-PDV STA.EULALIA'] Equipo Rival;['Media Rival'];13.0;201.92;71.46;21.62;44.46;0.49;5.92;15.38;0.39;10.46;14.69;0.71;9.46;22.62;32.08;13.77;8.77;15.77;2.54;2.08;0.0;19.15;16.77;71.85;0.0;0.0;0.0;0.0;0.0;0.0;0.0;0.0;0.0;0.0
['EBE PROMOCIONES-PDV STA.EULALIA', 'EBE PROMOCIONES-PDV STA.EULALIA', 'EBE PROMOCIONES-PDV STA.EULALIA', 'EBE PROMOCIONES-PDV STA.EULALIA', 'EBE PROMOCIONES-PDV STA.EULALIA', 'EBE PROMOCIONES-PDV STA.EULALIA', 'EBE PROMOCIONES-PDV STA.EULALIA', 'EBE PROMOCIONES-PDV STA.EULALIA', 'EBE PROMOCIONES-PDV STA.EULALIA'] Equipo;['Media'];7.0;203.57;73.43;22.29;44.71;0.5;4.43;13.14;0.34;15.57;21.86;0.71;9.71;23.86;33.57;12.29;8.86;13.29;1.14;1.43;0.0;15.86;19.29;80.57;0.0;0.0;0.0;0.0;0.0;0.0;0.0;0.0;0.0;0.0
['EBE PROMOCIONES-PDV STA.EULALIA', 'EBE PROMOCIONES-PDV STA.EULALIA', 'EBE PROMOCIONES-PDV STA.EULALIA', 'EBE PROMOCIONES-PDV STA.EULALIA', 'EBE PROMOCIONES-PDV STA.EULALIA', 'EBE PROMOCIONES-PDV STA.EULALIA', 'EBE PROMOCIONES-PDV STA.EULALIA', 'EBE PROMOCIONES-PDV STA.EULALIA', 'EBE PROMOCIONES-PDV STA.EULALIA'] Equipo Rival;['Media Rival'];7.0;203.57;67.71;20.14;44.14;0.46;5.71;16.29;0.35;10.29;14.43;0.71;8.0;21.71;29.71;13.14;7.14;15.0;2.14;1.0;0.43;19.43;15.86;61.57;0.0;0.0;0.0;0.0;0.0;0.0;0.0;0.0;0.0;0.0
['EBE PROMOCIONES-PDV STA.EULALIA', 'EBE PROMOCIONES-PDV STA.EULALIA', 'EBE PROMOCIONES-PDV STA.EULALIA', 'EBE PROMOCIONES-PDV STA.EULALIA', 'EBE PROMOCIONES-PDV STA.EULALIA', 'EBE PROMOCIONES-PDV STA.EULALIA', 'EBE PROMOCIONES-PDV STA.EULALIA', 'EBE PROMOCIONES-PDV STA.EULALIA'] Equipo;['Media'];4.0;200.0;74.5;23.5;46.5;0.51;6.0;15.0;0.4;9.5;12.75;0.75;9.75;23.25;33.0;12.25;7.0;14.0;1.25;3.25;0.0;14.25;15.75;77.0;0.0;0.0;0.0;0.0;0.0;0.0;0.0;0.0;0.0;0.0
['EBE PROMOCIONES-PDV STA.EULALIA', 'EBE PROMOCIONES-PDV STA.EULALIA', 'EBE PROMOCIONES-PDV STA.EULALIA', 'EBE PROMOCIONES-PDV STA.EULALIA', 'EBE PROMOCIONES-PDV STA.EULALIA', 'EBE PROMOCIONES-PDV STA.EULALIA', 'EBE PROMOCIONES-PDV STA.EULALIA', 'EBE PROMOCIONES-PDV STA.EULALIA'] Equipo Rival;['Media Rival'];4.0;200.0;77.5;25.75;48.0;0.54;4.5;16.5;0.27;12.5;15.5;0.81;9.5;22.0;31.5;13.75;7.25;11.0;3.0;1.25;0.0;15.75;14.0;81.75;0.0;0.0;0.0;0.0;0.0;0.0;0.0;0.0;0.0;0.0
['ENSINO', 'ENSINO', 'ENSINO', 'ENSINO', 'ENSINO', 'ENSINO', 'ENSINO', 'ENSINO', 'ENSINO', 'ENSINO', 'ENSINO'] Equipo;['Media'];5.0;200.0;60.8;19.0;48.4;0.39;3.8;13.8;0.28;11.4;17.0;0.67;7.4;20.6;28.0;10.4;11.6;17.8;1.8;2.8;0.0;25.4;18.8;40.4;0.0;0.0;0.0;0.0;0.0;0.0;0.0;0.0;0.0;0.0
['ENSINO', 'ENSINO', 'ENSINO', 'ENSINO', 'ENSINO', 'ENSINO', 'ENSINO', 'ENSINO', 'ENSINO', 'ENSINO', 'ENSINO'] Equipo Rival;['Media Rival'];5.0;200.0;78.6;21.2;44.8;0.47;5.6;13.4;0.42;19.4;27.6;0.7;9.6;28.2;37.8;15.6;9.8;19.2;3.2;1.4;0.0;18.6;25.2;91.4;0.0;0.0;0.0;0.0;0.0;0.0;0.0;0.0;0.0;0.0
['ENSINO', 'ENSINO', 'ENSINO', 'ENSINO', 'ENSINO', 'ENSINO', 'ENSINO', 'ENSINO', 'ENSINO', 'ENSINO'] Equipo;['Media'];1.0;225.0;83.0;31.0;55.0;0.56;0.0;13.0;0.0;21.0;28.0;0.75;14.0;33.0;47.0;9.0;16.0;26.0;3.0;3.0;0.0;28.0;21.0;78.0;0.0;0.0;0.0;0.0;0.0;0.0;0.0;0.0;0.0;0.0
['ENSINO', 'ENSINO', 'ENSINO', 'ENSINO', 'ENSINO', 'ENSINO', 'ENSINO', 'ENSINO', 'ENSINO', 'ENSINO'] Equipo Rival;['Media Rival'];1.0;225.0;90.0;20.0;50.0;0.4;12.0;27.0;0.44;14.0;24.0;0.58;13.0;20.0;33.0;10.0;14.0;17.0;3.0;3.0;0.0;21.0;28.0;82.0;0.0;0.0;0.0;0.0;0.0;0.0;0.0;0.0;0.0;0.0
['ENSINO', 'ENSINO', 'ENSINO', 'ENSINO', 'ENSINO', 'ENSINO', 'ENSINO', 'ENSINO', 'ENSINO'] Equipo;['Media'];9.0;200.0;66.56;21.67;43.67;0.5;4.33;15.44;0.28;10.22;16.44;0.62;9.11;18.78;27.89;9.44;8.33;16.0;1.89;3.0;0.0;19.44;16.44;52.78;0.0;0.0;0.0;0.0;0.0;0.0;0.0;0.0;0.0;0.0
['ENSINO', 'ENSINO', 'ENSINO', 'ENSINO', 'ENSINO', 'ENSINO', 'ENSINO', 'ENSINO', 'ENSINO'] Equipo Rival;['Media Rival'];9.0;200.0;78.33;21.11;44.0;0.48;7.56;20.33;0.37;13.44;19.33;0.7;13.78;21.44;35.22;14.33;9.56;14.44;3.0;1.89;0.0;19.11;17.44;80.89;0.0;0.0;0.0;0.0;0.0;0.0;0.0;0.0;0.0;0.0
['ENSINO', 'ENSINO', 'ENSINO', 'ENSINO', 'ENSINO', 'ENSINO', 'ENSINO', 'ENSINO'] Equipo;['Media'];10.0;200.0;66.4;19.5;44.1;0.44;5.4;18.8;0.29;11.2;16.6;0.67;8.9;23.5;32.4;10.3;12.4;16.6;2.6;3.0;0.0;17.2;18.9;62.8;0.0;0.0;0.0;0.0;0.0;0.0;0.0;0.0;0.0;0.0
['ENSINO', 'ENSINO', 'ENSINO', 'ENSINO', 'ENSINO', 'ENSINO', 'ENSINO', 'ENSINO'] Equipo Rival;['Media Rival'];10.0;200.0;71.1;18.5;43.0;0.43;7.5;19.8;0.38;11.6;16.3;0.71;11.5;27.1;38.6;13.8;8.9;19.6;3.0;2.6;0.0;18.8;16.7;69.6;0.0;0.0;0.0;0.0;0.0;0.0;0.0;0.0;0.0;0.0
['ENSINO', 'ENSINO', 'ENSINO', 'ENSINO', 'ENSINO', 'ENSINO', 'ENSINO'] Equipo;['Media'];1.0;200.0;55.0;20.0;52.0;0.39;4.0;14.0;0.29;3.0;9.0;0.33;11.0;28.0;39.0;5.0;7.0;15.0;2.0;0.0;0.0;12.0;14.0;47.0;0.0;0.0;0.0;0.0;0.0;0.0;0.0;0.0;0.0;0.0
['ENSINO', 'ENSINO', 'ENSINO', 'ENSINO', 'ENSINO', 'ENSINO', 'ENSINO'] Equipo Rival;['Media Rival'];1.0;200.0;56.0;17.0;38.0;0.45;6.0;25.0;0.24;4.0;5.0;0.8;10.0;30.0;40.0;7.0;7.0;12.0;0.0;2.0;0.0;14.0;12.0;53.0;0.0;0.0;0.0;0.0;0.0;0.0;0.0;0.0;0.0;0.0
['EXTRUGASA', 'EXTRUGASA', 'EXTRUGASA', 'EXTRUGASA', 'EXTRUGASA', 'EXTRUGASA', 'EXTRUGASA', 'EXTRUGASA', 'EXTRUGASA', 'EXTRUGASA', 'EXTRUGASA', 'EXTRUGASA'] Equipo;['Media'];2.0;200.0;84.0;22.0;38.0;0.58;10.0;22.0;0.45;10.0;13.5;0.74;7.0;24.0;31.0;8.0;11.5;13.5;1.0;1.0;0.0;20.5;16.5;85.5;0.0;0.0;0.0;0.0;0.0;0.0;0.0;0.0;0.0;0.0
['EXTRUGASA', 'EXTRUGASA', 'EXTRUGASA', 'EXTRUGASA', 'EXTRUGASA', 'EXTRUGASA', 'EXTRUGASA', 'EXTRUGASA', 'EXTRUGASA', 'EXTRUGASA', 'EXTRUGASA', 'EXTRUGASA'] Equipo Rival;['Media Rival'];2.0;200.0;61.5;20.5;47.5;0.43;3.5;11.0;0.32;10.0;16.0;0.62;6.5;17.5;24.0;5.0;9.5;14.0;0.5;0.5;0.0;17.5;21.0;49.0;0.0;0.0;0.0;0.0;0.0;0.0;0.0;0.0;0.0;0.0
['EXTRUGASA', 'EXTRUGASA', 'EXTRUGASA', 'EXTRUGASA', 'EXTRUGASA', 'EXTRUGASA', 'EXTRUGASA', 'EXTRUGASA', 'EXTRUGASA', 'EXTRUGASA', 'EXTRUGASA'] Equipo;['Media'];1.0;200.0;43.0;12.0;50.0;0.24;5.0;23.0;0.22;4.0;12.0;0.33;15.0;23.0;38.0;9.0;7.0;13.0;2.0;4.0;0.0;24.0;18.0;12.0;0.0;0.0;0.0;0.0;0.0;0.0;0.0;0.0;0.0;0.0
['EXTRUGASA', 'EXTRUGASA', 'EXTRUGASA', 'EXTRUGASA', 'EXTRUGASA', 'EXTRUGASA', 'EXTRUGASA', 'EXTRUGASA', 'EXTRUGASA', 'EXTRUGASA', 'EXTRUGASA'] Equipo Rival;['Media Rival'];1.0;200.0;72.0;22.0;47.0;0.47;3.0;12.0;0.25;19.0;27.0;0.7;12.0;39.0;51.0;13.0;5.0;16.0;4.0;2.0;0.0;18.0;24.0;91.0;0.0;0.0;0.0;0.0;0.0;0.0;0.0;0.0;0.0;0.0
['EXTRUGASA', 'EXTRUGASA', 'EXTRUGASA', 'EXTRUGASA', 'EXTRUGASA', 'EXTRUGASA', 'EXTRUGASA', 'EXTRUGASA', 'EXTRUGASA', 'EXTRUGASA'] Equipo;['Media'];6.0;200.0;72.5;18.17;42.33;0.43;6.33;19.83;0.32;17.17;25.33;0.68;9.17;20.5;29.67;7.83;11.33;16.5;2.67;2.17;0.0;25.0;21.17;55.67;0.0;0.0;0.0;0.0;0.0;0.0;0.0;0.0;0.0;0.0
['EXTRUGASA', 'EXTRUGASA', 'EXTRUGASA', 'EXTRUGASA', 'EXTRUGASA', 'EXTRUGASA', 'EXTRUGASA', 'EXTRUGASA', 'EXTRUGASA', 'EXTRUGASA'] Equipo Rival;['Media Rival'];6.0;200.0;73.17;20.5;44.0;0.47;4.83;16.67;0.29;17.67;27.5;0.64;10.83;24.5;35.33;8.5;10.33;18.33;2.17;2.83;0.0;21.83;24.17;65.5;0.0;0.0;0.0;0.0;0.0;0.0;0.0;0.0;0.0;0.0
['EXTRUGASA', 'EXTRUGASA', 'EXTRUGASA', 'EXTRUGASA', 'EXTRUGASA', 'EXTRUGASA', 'EXTRUGASA', 'EXTRUGASA', 'EXTRUGASA'] Equipo;['Media'];17.0;202.94;66.65;17.24;43.12;0.4;6.47;21.59;0.3;12.76;17.71;0.72;9.59;21.0;30.59;8.53;10.41;13.35;1.35;1.82;0.0;19.12;18.12;55.41;0.0;0.0;0.0;0.0;0.0;0.0;0.0;0.0;0.0;0.0
['EXTRUGASA', 'EXTRUGASA', 'EXTRUGASA', 'EXTRUGASA', 'EXTRUGASA', 'EXTRUGASA', 'EXTRUGASA', 'EXTRUGASA', 'EXTRUGASA'] Equipo Rival;['Media Rival'];17.0;202.94;66.0;19.53;42.82;0.46;4.47;14.29;0.31;13.53;18.59;0.73;9.06;27.18;36.24;7.18;8.24;19.0;1.82;1.35;0.0;18.0;19.0;61.94;0.0;0.0;0.0;0.0;0.0;0.0;0.0;0.0;0.0;0.0
['GRAN CANARIA', 'GRAN CANARIA', 'GRAN CANARIA', 'GRAN CANARIA', 'GRAN CANARIA', 'GRAN CANARIA', 'GRAN CANARIA', 'GRAN CANARIA', 'GRAN CANARIA', 'GRAN CANARIA', 'GRAN CANARIA', 'GRAN CANARIA', 'GRAN CANARIA'] Equipo;['Media'];1.0;200.0;86.0;21.0;51.0;0.41;10.0;18.0;0.56;14.0;18.0;0.78;19.0;28.0;47.0;20.0;7.0;16.0;4.0;1.0;0.0;21.0;14.0;98.0;0.0;0.0;0.0;0.0;0.0;0.0;0.0;0.0;0.0;0.0
['GRAN CANARIA', 'GRAN CANARIA', 'GRAN CANARIA', 'GRAN CANARIA', 'GRAN CANARIA', 'GRAN CANARIA', 'GRAN CANARIA', 'GRAN CANARIA', 'GRAN CANARIA', 'GRAN CANARIA', 'GRAN CANARIA', 'GRAN CANARIA', 'GRAN CANARIA'] Equipo Rival;['Media Rival'];1.0;200.0;61.0;13.0;33.0;0.39;6.0;21.0;0.29;17.0;24.0;0.71;7.0;17.0;24.0;9.0;8.0;13.0;1.0;4.0;0.0;15.0;20.0;49.0;0.0;0.0;0.0;0.0;0.0;0.0;0.0;0.0;0.0;0.0
['GRAN CANARIA', 'GRAN CANARIA', 'GRAN CANARIA', 'GRAN CANARIA', 'GRAN CANARIA', 'GRAN CANARIA', 'GRAN CANARIA', 'GRAN CANARIA', 'GRAN CANARIA', 'GRAN CANARIA', 'GRAN CANARIA'] Equipo;['Media'];11.0;200.0;70.18;15.91;37.18;0.43;8.64;24.55;0.35;12.45;15.91;0.78;10.64;22.55;33.18;12.91;9.91;15.64;2.91;2.45;0.0;17.64;17.36;70.09;0.0;0.0;0.0;0.0;0.0;0.0;0.0;0.0;0.0;0.0
['GRAN CANARIA', 'GRAN CANARIA', 'GRAN CANARIA', 'GRAN CANARIA', 'GRAN CANARIA', 'GRAN CANARIA', 'GRAN CANARIA', 'GRAN CANARIA', 'GRAN CANARIA', 'GRAN CANARIA', 'GRAN CANARIA'] Equipo Rival;['Media Rival'];11.0;200.0;68.55;18.27;39.36;0.46;6.91;18.09;0.38;11.27;16.64;0.68;7.55;23.36;30.91;11.45;8.0;16.27;2.45;3.09;0.27;17.64;17.45;64.18;0.0;0.0;0.0;0.0;0.0;0.0;0.0;0.0;0.0;0.0
['GRAN CANARIA', 'GRAN CANARIA', 'GRAN CANARIA', 'GRAN CANARIA', 'GRAN CANARIA', 'GRAN CANARIA', 'GRAN CANARIA', 'GRAN CANARIA', 'GRAN CANARIA', 'GRAN CANARIA'] Equipo;['Media'];8.0;200.0;60.25;18.38;46.12;0.4;4.25;16.75;0.25;10.75;16.38;0.66;11.88;25.25;37.12;8.62;8.0;15.0;1.5;2.25;0.0;17.5;16.88;51.75;0.0;0.0;0.0;0.0;0.0;0.0;0.0;0.0;0.0;0.0
['GRAN CANARIA', 'GRAN CANARIA', 'GRAN CANARIA', 'GRAN CANARIA', 'GRAN CANARIA', 'GRAN CANARIA', 'GRAN CANARIA', 'GRAN CANARIA', 'GRAN CANARIA', 'GRAN CANARIA'] Equipo Rival;['Media Rival'];8.0;200.0;62.0;18.62;43.88;0.42;4.0;15.5;0.26;12.75;16.75;0.76;9.12;25.75;34.88;9.88;7.38;14.5;2.38;0.88;0.0;16.88;17.25;60.75;0.0;0.0;0.0;0.0;0.0;0.0;0.0;0.0;0.0;0.0
['GRAN CANARIA', 'GRAN CANARIA', 'GRAN CANARIA', 'GRAN CANARIA', 'GRAN CANARIA', 'GRAN CANARIA', 'GRAN CANARIA', 'GRAN CANARIA', 'GRAN CANARIA'] Equipo;['Media'];5.0;200.0;68.6;19.8;41.4;0.48;3.8;13.2;0.29;17.6;23.4;0.75;8.8;27.2;36.0;9.2;8.8;17.6;1.6;1.0;0.0;17.4;20.4;71.8;0.0;0.0;0.0;0.0;0.0;0.0;0.0;0.0;0.0;0.0
['GRAN CANARIA', 'GRAN CANARIA', 'GRAN CANARIA', 'GRAN CANARIA', 'GRAN CANARIA', 'GRAN CANARIA', 'GRAN CANARIA', 'GRAN CANARIA', 'GRAN CANARIA'] Equipo Rival;['Media Rival'];5.0;200.0;73.0;20.0;44.4;0.45;6.8;20.2;0.34;12.6;16.6;0.76;9.8;20.6;30.4;9.6;8.4;14.0;1.0;1.6;0.0;20.8;17.4;61.6;0.0;0.0;0.0;0.0;0.0;0.0;0.0;0.0;0.0;0.0
['GRAN CANARIA', 'GRAN CANARIA', 'GRAN CANARIA', 'GRAN CANARIA', 'GRAN CANARIA', 'GRAN CANARIA', 'GRAN CANARIA', 'GRAN CANARIA'] Equipo;['Media'];1.0;225.0;97.0;32.0;53.0;0.6;6.0;17.0;0.35;15.0;23.0;0.65;14.0;30.0;44.0;15.0;10.0;9.0;2.0;0.0;0.0;21.0;23.0;121.0;0.0;0.0;0.0;0.0;0.0;0.0;0.0;0.0;0.0;0.0
['GRAN CANARIA', 'GRAN CANARIA', 'GRAN CANARIA', 'GRAN CANARIA', 'GRAN CANARIA', 'GRAN CANARIA', 'GRAN CANARIA', 'GRAN CANARIA'] Equipo Rival;['Media Rival'];1.0;225.0;93.0;25.0;58.0;0.43;7.0;18.0;0.39;22.0;27.0;0.81;12.0;23.0;35.0;5.0;7.0;11.0;0.0;2.0;0.0;23.0;19.0;74.0;0.0;0.0;0.0;0.0;0.0;0.0;0.0;0.0;0.0;0.0
['HONDARRIBIA - IRÚN', 'HONDARRIBIA - IRÚN', 'HONDARRIBIA - IRÚN', 'HONDARRIBIA - IRÚN', 'HONDARRIBIA - IRÚN', 'HONDARRIBIA - IRÚN', 'HONDARRIBIA - IRÚN', 'HONDARRIBIA - IRÚN', 'HONDARRIBIA - IRÚN', 'HONDARRIBIA - IRÚN', 'HONDARRIBIA - IRÚN'] Equipo;['Media'];3.0;200.0;59.67;19.33;36.67;0.53;4.67;15.67;0.3;7.0;9.0;0.78;5.67;31.0;36.67;9.33;2.67;22.33;1.33;1.0;1.0;18.0;15.0;53.0;0.0;0.0;0.0;0.0;0.0;0.0;0.0;0.0;0.0;0.0
['HONDARRIBIA - IRÚN', 'HONDARRIBIA - IRÚN', 'HONDARRIBIA - IRÚN', 'HONDARRIBIA - IRÚN', 'HONDARRIBIA - IRÚN', 'HONDARRIBIA - IRÚN', 'HONDARRIBIA - IRÚN', 'HONDARRIBIA - IRÚN', 'HONDARRIBIA - IRÚN', 'HONDARRIBIA - IRÚN', 'HONDARRIBIA - IRÚN'] Equipo Rival;['Media Rival'];3.0;200.0;57.0;15.33;42.33;0.36;5.0;21.33;0.23;11.33;16.67;0.68;11.33;18.67;30.0;8.33;11.33;12.67;1.0;1.33;0.0;15.0;18.0;48.0;0.0;0.0;0.0;0.0;0.0;0.0;0.0;0.0;0.0;0.0
['HONDARRIBIA - IRÚN', 'HONDARRIBIA - IRÚN', 'HONDARRIBIA - IRÚN', 'HONDARRIBIA - IRÚN', 'HONDARRIBIA - IRÚN', 'HONDARRIBIA - IRÚN', 'HONDARRIBIA - IRÚN', 'HONDARRIBIA - IRÚN', 'HONDARRIBIA - IRÚN', 'HONDARRIBIA - IRÚN'] Equipo;['Media'];8.0;200.0;66.0;21.12;43.12;0.49;3.0;12.5;0.24;14.75;20.0;0.74;9.38;26.0;35.38;6.75;5.62;16.88;2.0;1.12;0.0;17.25;19.25;63.0;0.0;0.0;0.0;0.0;0.0;0.0;0.0;0.0;0.0;0.0
['HONDARRIBIA - IRÚN', 'HONDARRIBIA - IRÚN', 'HONDARRIBIA - IRÚN', 'HONDARRIBIA - IRÚN', 'HONDARRIBIA - IRÚN', 'HONDARRIBIA - IRÚN', 'HONDARRIBIA - IRÚN', 'HONDARRIBIA - IRÚN', 'HONDARRIBIA - IRÚN', 'HONDARRIBIA - IRÚN'] Equipo Rival;['Media Rival'];8.0;200.0;63.5;18.5;46.75;0.4;5.5;17.12;0.32;10.0;14.12;0.71;10.0;19.38;29.38;8.88;9.75;11.38;1.12;2.12;0.0;19.5;17.38;53.0;0.0;0.0;0.0;0.0;0.0;0.0;0.0;0.0;0.0;0.0
['HONDARRIBIA - IRÚN', 'HONDARRIBIA - IRÚN', 'HONDARRIBIA - IRÚN', 'HONDARRIBIA - IRÚN', 'HONDARRIBIA - IRÚN', 'HONDARRIBIA - IRÚN', 'HONDARRIBIA - IRÚN', 'HONDARRIBIA - IRÚN', 'HONDARRIBIA - IRÚN'] Equipo;['Media'];15.0;201.67;63.2;19.87;46.47;0.43;4.07;13.2;0.31;11.27;15.53;0.73;9.47;27.0;36.47;9.0;7.27;16.07;1.93;3.0;0.0;17.2;17.33;58.93;0.0;0.0;0.0;0.0;0.0;0.0;0.0;0.0;0.0;0.0
['HONDARRIBIA - IRÚN', 'HONDARRIBIA - IRÚN', 'HONDARRIBIA - IRÚN', 'HONDARRIBIA - IRÚN', 'HONDARRIBIA - IRÚN', 'HONDARRIBIA - IRÚN', 'HONDARRIBIA - IRÚN', 'HONDARRIBIA - IRÚN', 'HONDARRIBIA - IRÚN'] Equipo Rival;['Media Rival'];15.0;201.67;61.53;18.73;47.73;0.39;4.33;15.6;0.28;11.07;16.13;0.69;10.47;24.33;34.8;9.8;9.67;13.8;3.07;1.93;0.0;17.73;16.93;57.0;0.0;0.0;0.0;0.0;0.0;0.0;0.0;0.0;0.0;0.0
['MANN FILTER ZARAGOZA', 'MANN FILTER ZARAGOZA', 'MANN FILTER ZARAGOZA', 'MANN FILTER ZARAGOZA', 'MANN FILTER ZARAGOZA', 'MANN FILTER ZARAGOZA', 'MANN FILTER ZARAGOZA', 'MANN FILTER ZARAGOZA', 'MANN FILTER ZARAGOZA', 'MANN FILTER ZARAGOZA', 'MANN FILTER ZARAGOZA', 'MANN FILTER ZARAGOZA', 'MANN FILTER ZARAGOZA'] Equipo;['Media'];1.0;200.0;79.0;15.0;33.0;0.46;11.0;20.0;0.55;16.0;24.0;0.67;7.0;29.0;36.0;18.0;7.0;22.0;4.0;1.0;0.0;20.0;18.0;84.0;0.0;0.0;0.0;0.0;0.0;0.0;0.0;0.0;0.0;0.0
['MANN FILTER ZARAGOZA', 'MANN FILTER ZARAGOZA', 'MANN FILTER ZARAGOZA', 'MANN FILTER ZARAGOZA', 'MANN FILTER ZARAGOZA', 'MANN FILTER ZARAGOZA', 'MANN FILTER ZARAGOZA', 'MANN FILTER ZARAGOZA', 'MANN FILTER ZARAGOZA', 'MANN FILTER ZARAGOZA', 'MANN FILTER ZARAGOZA', 'MANN FILTER ZARAGOZA', 'MANN FILTER ZARAGOZA'] Equipo Rival;['Media Rival'];1.0;200.0;73.0;18.0;40.0;0.45;8.0;22.0;0.36;13.0;20.0;0.65;8.0;21.0;29.0;11.0;14.0;14.0;1.0;4.0;0.0;18.0;20.0;69.0;0.0;0.0;0.0;0.0;0.0;0.0;0.0;0.0;0.0;0.0
['MANN FILTER ZARAGOZA', 'MANN FILTER ZARAGOZA', 'MANN FILTER ZARAGOZA', 'MANN FILTER ZARAGOZA', 'MANN FILTER ZARAGOZA', 'MANN FILTER ZARAGOZA', 'MANN FILTER ZARAGOZA', 'MANN FILTER ZARAGOZA', 'MANN FILTER ZARAGOZA', 'MANN FILTER ZARAGOZA', 'MANN FILTER ZARAGOZA', 'MANN FILTER ZARAGOZA'] Equipo;['Media'];8.0;200.0;72.12;17.88;42.88;0.42;6.75;22.12;0.31;16.12;21.25;0.76;11.5;22.62;34.12;9.5;11.25;18.5;1.5;2.62;0.0;22.38;20.88;60.38;0.0;0.0;0.0;0.0;0.0;0.0;0.0;0.0;0.0;0.0
['MANN FILTER ZARAGOZA', 'MANN FILTER ZARAGOZA', 'MANN FILTER ZARAGOZA', 'MANN FILTER ZARAGOZA', 'MANN FILTER ZARAGOZA', 'MANN FILTER ZARAGOZA', 'MANN FILTER ZARAGOZA', 'MANN FILTER ZARAGOZA', 'MANN FILTER ZARAGOZA', 'MANN FILTER ZARAGOZA', 'MANN FILTER ZARAGOZA', 'MANN FILTER ZARAGOZA'] Equipo Rival;['Media Rival'];8.0;200.0;77.5;20.88;43.25;0.48;6.12;19.88;0.31;17.38;23.5;0.74;11.25;23.5;34.75;16.88;10.38;18.88;2.62;1.5;0.0;20.88;22.12;80.75;0.0;0.0;0.0;0.0;0.0;0.0;0.0;0.0;0.0;0.0
['MANN FILTER ZARAGOZA', 'MANN FILTER ZARAGOZA', 'MANN FILTER ZARAGOZA', 'MANN FILTER ZARAGOZA', 'MANN FILTER ZARAGOZA', 'MANN FILTER ZARAGOZA', 'MANN FILTER ZARAGOZA', 'MANN FILTER ZARAGOZA', 'MANN FILTER ZARAGOZA', 'MANN FILTER ZARAGOZA', 'MANN FILTER ZARAGOZA'] Equipo;['Media'];12.0;202.08;68.25;16.42;40.92;0.4;6.42;22.67;0.28;16.17;22.75;0.71;11.75;19.17;30.92;7.83;9.67;15.33;1.75;2.75;0.0;23.17;21.33;51.17;0.0;0.0;0.0;0.0;0.0;0.0;0.0;0.0;0.0;0.0
['MANN FILTER ZARAGOZA', 'MANN FILTER ZARAGOZA', 'MANN FILTER ZARAGOZA', 'MANN FILTER ZARAGOZA', 'MANN FILTER ZARAGOZA', 'MANN FILTER ZARAGOZA', 'MANN FILTER ZARAGOZA', 'MANN FILTER ZARAGOZA', 'MANN FILTER ZARAGOZA', 'MANN FILTER ZARAGOZA', 'MANN FILTER ZARAGOZA'] Equipo Rival;['Media Rival'];12.0;202.08;75.92;21.33;44.67;0.48;4.83;14.83;0.33;18.75;25.25;0.74;11.58;24.67;36.25;12.92;9.08;17.58;2.75;1.75;0.0;21.92;22.92;78.75;0.0;0.0;0.0;0.0;0.0;0.0;0.0;0.0;0.0;0.0
['MANN FILTER ZARAGOZA', 'MANN FILTER ZARAGOZA', 'MANN FILTER ZARAGOZA', 'MANN FILTER ZARAGOZA', 'MANN FILTER ZARAGOZA', 'MANN FILTER ZARAGOZA', 'MANN FILTER ZARAGOZA', 'MANN FILTER ZARAGOZA', 'MANN FILTER ZARAGOZA', 'MANN FILTER ZARAGOZA'] Equipo;['Media'];4.0;200.0;78.0;19.5;42.25;0.46;9.25;19.25;0.48;11.25;15.0;0.75;8.75;17.25;26.0;9.0;6.5;15.25;1.25;1.0;0.0;22.5;17.0;62.5;0.0;0.0;0.0;0.0;0.0;0.0;0.0;0.0;0.0;0.0
['MANN FILTER ZARAGOZA', 'MANN FILTER ZARAGOZA', 'MANN FILTER ZARAGOZA', 'MANN FILTER ZARAGOZA', 'MANN FILTER ZARAGOZA', 'MANN FILTER ZARAGOZA', 'MANN FILTER ZARAGOZA', 'MANN FILTER ZARAGOZA', 'MANN FILTER ZARAGOZA', 'MANN FILTER ZARAGOZA'] Equipo Rival;['Media Rival'];4.0;200.0;78.75;23.0;42.5;0.54;6.0;15.25;0.39;14.75;23.25;0.63;10.25;21.25;31.5;14.0;10.5;14.0;1.25;1.25;0.0;18.0;23.0;88.5;0.0;0.0;0.0;0.0;0.0;0.0;0.0;0.0;0.0;0.0
['MANN FILTER ZARAGOZA', 'MANN FILTER ZARAGOZA', 'MANN FILTER ZARAGOZA', 'MANN FILTER ZARAGOZA', 'MANN FILTER ZARAGOZA', 'MANN FILTER ZARAGOZA', 'MANN FILTER ZARAGOZA', 'MANN FILTER ZARAGOZA', 'MANN FILTER ZARAGOZA'] Equipo;['Media'];1.0;200.0;76.0;11.0;38.0;0.29;13.0;28.0;0.46;15.0;16.0;0.94;11.0;20.0;31.0;14.0;11.0;11.0;2.0;3.0;0.0;14.0;15.0;78.0;0.0;0.0;0.0;0.0;0.0;0.0;0.0;0.0;0.0;0.0
['MANN FILTER ZARAGOZA', 'MANN FILTER ZARAGOZA', 'MANN FILTER ZARAGOZA', 'MANN FILTER ZARAGOZA', 'MANN FILTER ZARAGOZA', 'MANN FILTER ZARAGOZA', 'MANN FILTER ZARAGOZA', 'MANN FILTER ZARAGOZA', 'MANN FILTER ZARAGOZA'] Equipo Rival;['Media Rival'];1.0;200.0;66.0;21.0;35.0;0.6;5.0;19.0;0.26;9.0;12.0;0.75;2.0;25.0;27.0;21.0;7.0;16.0;3.0;2.0;0.0;15.0;14.0;74.0;0.0;0.0;0.0;0.0;0.0;0.0;0.0;0.0;0.0;0.0
['PERFUMERIAS AVENIDA', 'PERFUMERIAS AVENIDA', 'PERFUMERIAS AVENIDA', 'PERFUMERIAS AVENIDA', 'PERFUMERIAS AVENIDA', 'PERFUMERIAS AVENIDA', 'PERFUMERIAS AVENIDA', 'PERFUMERIAS AVENIDA', 'PERFUMERIAS AVENIDA', 'PERFUMERIAS AVENIDA', 'PERFUMERIAS AVENIDA'] Equipo;['Media'];4.0;200.0;66.25;17.5;40.25;0.43;6.25;20.0;0.31;12.5;17.75;0.7;10.25;26.75;37.0;13.5;10.5;13.75;3.25;1.5;0.0;18.25;17.5;72.75;0.0;0.0;0.0;0.0;0.0;0.0;0.0;0.0;0.0;0.0
['PERFUMERIAS AVENIDA', 'PERFUMERIAS AVENIDA', 'PERFUMERIAS AVENIDA', 'PERFUMERIAS AVENIDA', 'PERFUMERIAS AVENIDA', 'PERFUMERIAS AVENIDA', 'PERFUMERIAS AVENIDA', 'PERFUMERIAS AVENIDA', 'PERFUMERIAS AVENIDA', 'PERFUMERIAS AVENIDA', 'PERFUMERIAS AVENIDA'] Equipo Rival;['Media Rival'];4.0;200.0;57.0;15.0;38.75;0.39;5.25;14.0;0.38;11.25;15.5;0.73;6.25;24.75;31.0;7.25;6.0;15.75;1.5;3.25;0.0;17.5;18.0;47.5;0.0;0.0;0.0;0.0;0.0;0.0;0.0;0.0;0.0;0.0
['PERFUMERIAS AVENIDA', 'PERFUMERIAS AVENIDA', 'PERFUMERIAS AVENIDA', 'PERFUMERIAS AVENIDA', 'PERFUMERIAS AVENIDA', 'PERFUMERIAS AVENIDA', 'PERFUMERIAS AVENIDA', 'PERFUMERIAS AVENIDA', 'PERFUMERIAS AVENIDA', 'PERFUMERIAS AVENIDA'] Equipo;['Media'];10.0;200.0;70.1;17.2;37.4;0.46;7.5;18.0;0.42;13.2;17.1;0.77;8.3;23.2;31.5;12.6;7.7;15.2;1.0;1.5;0.0;16.2;18.8;74.2;0.0;0.0;0.0;0.0;0.0;0.0;0.0;0.0;0.0;0.0
['PERFUMERIAS AVENIDA', 'PERFUMERIAS AVENIDA', 'PERFUMERIAS AVENIDA', 'PERFUMERIAS AVENIDA', 'PERFUMERIAS AVENIDA', 'PERFUMERIAS AVENIDA', 'PERFUMERIAS AVENIDA', 'PERFUMERIAS AVENIDA', 'PERFUMERIAS AVENIDA', 'PERFUMERIAS AVENIDA'] Equipo Rival;['Media Rival'];10.0;200.0;61.9;20.2;46.2;0.44;4.1;14.5;0.28;9.2;12.7;0.72;9.2;21.1;30.3;10.2;8.8;13.6;1.5;1.1;0.0;18.8;16.4;55.7;0.0;0.0;0.0;0.0;0.0;0.0;0.0;0.0;0.0;0.0
['PERFUMERIAS AVENIDA', 'PERFUMERIAS AVENIDA', 'PERFUMERIAS AVENIDA', 'PERFUMERIAS AVENIDA', 'PERFUMERIAS AVENIDA', 'PERFUMERIAS AVENIDA', 'PERFUMERIAS AVENIDA', 'PERFUMERIAS AVENIDA', 'PERFUMERIAS AVENIDA'] Equipo;['Media'];11.0;202.27;64.82;17.73;41.64;0.43;6.18;19.36;0.32;10.82;14.45;0.75;9.36;24.91;34.27;12.64;9.09;13.64;1.73;2.73;0.0;14.55;16.27;67.18;0.0;0.0;0.0;0.0;0.0;0.0;0.0;0.0;0.0;0.0
['PERFUMERIAS AVENIDA', 'PERFUMERIAS AVENIDA', 'PERFUMERIAS AVENIDA', 'PERFUMERIAS AVENIDA', 'PERFUMERIAS AVENIDA', 'PERFUMERIAS AVENIDA', 'PERFUMERIAS AVENIDA', 'PERFUMERIAS AVENIDA', 'PERFUMERIAS AVENIDA'] Equipo Rival;['Media Rival'];11.0;202.27;64.45;22.27;47.82;0.47;3.64;13.55;0.27;9.0;13.55;0.66;9.73;25.45;35.18;11.27;7.82;14.27;2.73;1.64;0.0;16.55;14.55;63.55;0.0;0.0;0.0;0.0;0.0;0.0;0.0;0.0;0.0;0.0
['PERFUMERIAS AVENIDA', 'PERFUMERIAS AVENIDA', 'PERFUMERIAS AVENIDA', 'PERFUMERIAS AVENIDA', 'PERFUMERIAS AVENIDA', 'PERFUMERIAS AVENIDA', 'PERFUMERIAS AVENIDA', 'PERFUMERIAS AVENIDA'] Equipo;['Media'];1.0;200.0;73.0;21.0;33.0;0.64;6.0;22.0;0.27;13.0;16.0;0.81;3.0;22.0;25.0;8.0;3.0;18.0;2.0;0.0;0.0;17.0;18.0;63.0;0.0;0.0;0.0;0.0;0.0;0.0;0.0;0.0;0.0;0.0
['PERFUMERIAS AVENIDA', 'PERFUMERIAS AVENIDA', 'PERFUMERIAS AVENIDA', 'PERFUMERIAS AVENIDA', 'PERFUMERIAS AVENIDA', 'PERFUMERIAS AVENIDA', 'PERFUMERIAS AVENIDA', 'PERFUMERIAS AVENIDA'] Equipo Rival;['Media Rival'];1.0;200.0;81.0;21.0;43.0;0.49;8.0;13.0;0.61;15.0;21.0;0.71;3.0;23.0;26.0;13.0;8.0;9.0;0.0;2.0;0.0;18.0;17.0;83.0;0.0;0.0;0.0;0.0;0.0;0.0;0.0;0.0;0.0;0.0
['REAL CLUB CELTA VIGOURBAN', 'REAL CLUB CELTA VIGOURBAN', 'REAL CLUB CELTA VIGOURBAN', 'REAL CLUB CELTA VIGOURBAN', 'REAL CLUB CELTA VIGOURBAN', 'REAL CLUB CELTA VIGOURBAN', 'REAL CLUB CELTA VIGOURBAN', 'REAL CLUB CELTA VIGOURBAN', 'REAL CLUB CELTA VIGOURBAN', 'REAL CLUB CELTA VIGOURBAN'] Equipo;['Media'];18.0;200.0;60.89;18.17;46.17;0.39;3.78;12.39;0.3;13.22;18.28;0.72;8.78;21.61;30.39;11.61;9.28;16.22;2.61;2.0;0.06;20.67;20.22;54.44;0.0;0.0;0.0;0.0;0.0;0.0;0.0;0.0;0.0;0.0
['REAL CLUB CELTA VIGOURBAN', 'REAL CLUB CELTA VIGOURBAN', 'REAL CLUB CELTA VIGOURBAN', 'REAL CLUB CELTA VIGOURBAN', 'REAL CLUB CELTA VIGOURBAN', 'REAL CLUB CELTA VIGOURBAN', 'REAL CLUB CELTA VIGOURBAN', 'REAL CLUB CELTA VIGOURBAN', 'REAL CLUB CELTA VIGOURBAN', 'REAL CLUB CELTA VIGOURBAN'] Equipo Rival;['Media Rival'];18.0;200.0;67.28;18.39;39.22;0.47;5.5;16.11;0.34;14.0;20.67;0.68;7.89;25.06;32.94;11.11;10.56;17.44;2.06;2.56;0.0;20.33;20.5;66.0;0.0;0.0;0.0;0.0;0.0;0.0;0.0;0.0;0.0;0.0
['REAL CLUB CELTA VIGOURBAN', 'REAL CLUB CELTA VIGOURBAN', 'REAL CLUB CELTA VIGOURBAN', 'REAL CLUB CELTA VIGOURBAN', 'REAL CLUB CELTA VIGOURBAN', 'REAL CLUB CELTA VIGOURBAN', 'REAL CLUB CELTA VIGOURBAN', 'REAL CLUB CELTA VIGOURBAN', 'REAL CLUB CELTA VIGOURBAN'] Equipo;['Media'];8.0;200.0;61.75;18.88;45.0;0.42;4.12;14.38;0.29;11.62;18.12;0.64;8.5;23.12;31.62;10.75;8.75;14.0;2.38;2.0;0.0;20.12;19.38;55.62;0.0;0.0;0.0;0.0;0.0;0.0;0.0;0.0;0.0;0.0
['REAL CLUB CELTA VIGOURBAN', 'REAL CLUB CELTA VIGOURBAN', 'REAL CLUB CELTA VIGOURBAN', 'REAL CLUB CELTA VIGOURBAN', 'REAL CLUB CELTA VIGOURBAN', 'REAL CLUB CELTA VIGOURBAN', 'REAL CLUB CELTA VIGOURBAN', 'REAL CLUB CELTA VIGOURBAN', 'REAL CLUB CELTA VIGOURBAN'] Equipo Rival;['Media Rival'];8.0;200.0;65.75;18.5;41.0;0.45;4.75;15.62;0.3;14.5;20.62;0.7;8.0;25.75;33.75;11.0;8.25;14.75;1.88;2.38;0.25;19.5;20.12;64.62;0.0;0.0;0.0;0.0;0.0;0.0;0.0;0.0;0.0;0.0
['RIVAS FUTURA', 'RIVAS FUTURA', 'RIVAS FUTURA', 'RIVAS FUTURA', 'RIVAS FUTURA', 'RIVAS FUTURA', 'RIVAS FUTURA', 'RIVAS FUTURA', 'RIVAS FUTURA', 'RIVAS FUTURA', 'RIVAS FUTURA', 'RIVAS FUTURA', 'RIVAS FUTURA'] Equipo;['Media'];1.0;200.0;86.0;34.0;57.0;0.6;2.0;14.0;0.14;12.0;16.0;0.75;13.0;26.0;39.0;17.0;12.0;9.0;6.0;2.0;0.0;11.0;15.0;114.0;0.0;0.0;0.0;0.0;0.0;0.0;0.0;0.0;0.0;0.0
['RIVAS FUTURA', 'RIVAS FUTURA', 'RIVAS FUTURA', 'RIVAS FUTURA', 'RIVAS FUTURA', 'RIVAS FUTURA', 'RIVAS FUTURA', 'RIVAS FUTURA', 'RIVAS FUTURA', 'RIVAS FUTURA', 'RIVAS FUTURA', 'RIVAS FUTURA', 'RIVAS FUTURA'] Equipo Rival;['Media Rival'];1.0;200.0;64.0;19.0;47.0;0.4;6.0;22.0;0.27;8.0;8.0;1.0;10.0;21.0;31.0;6.0;5.0;13.0;2.0;6.0;0.0;15.0;11.0;41.0;0.0;0.0;0.0;0.0;0.0;0.0;0.0;0.0;0.0;0.0
['RIVAS FUTURA', 'RIVAS FUTURA', 'RIVAS FUTURA', 'RIVAS FUTURA', 'RIVAS FUTURA', 'RIVAS FUTURA', 'RIVAS FUTURA', 'RIVAS FUTURA', 'RIVAS FUTURA', 'RIVAS FUTURA', 'RIVAS FUTURA', 'RIVAS FUTURA'] Equipo;['Media'];1.0;200.0;61.0;17.0;46.0;0.37;7.0;15.0;0.47;6.0;13.0;0.46;5.0;21.0;26.0;6.0;13.0;16.0;3.0;3.0;0.0;14.0;16.0;48.0;0.0;0.0;0.0;0.0;0.0;0.0;0.0;0.0;0.0;0.0
['RIVAS FUTURA', 'RIVAS FUTURA', 'RIVAS FUTURA', 'RIVAS FUTURA', 'RIVAS FUTURA', 'RIVAS FUTURA', 'RIVAS FUTURA', 'RIVAS FUTURA', 'RIVAS FUTURA', 'RIVAS FUTURA', 'RIVAS FUTURA', 'RIVAS FUTURA'] Equipo Rival;['Media Rival'];1.0;200.0;68.0;21.0;48.0;0.44;5.0;8.0;0.62;11.0;14.0;0.79;5.0;32.0;37.0;8.0;7.0;21.0;3.0;3.0;0.0;16.0;14.0;64.0;0.0;0.0;0.0;0.0;0.0;0.0;0.0;0.0;0.0;0.0
['RIVAS FUTURA', 'RIVAS FUTURA', 'RIVAS FUTURA', 'RIVAS FUTURA', 'RIVAS FUTURA', 'RIVAS FUTURA', 'RIVAS FUTURA', 'RIVAS FUTURA', 'RIVAS FUTURA', 'RIVAS FUTURA', 'RIVAS FUTURA'] Equipo;['Media'];10.0;200.0;71.7;21.6;45.5;0.47;5.0;15.3;0.33;13.5;18.8;0.72;8.3;23.5;31.8;11.2;7.4;14.5;1.9;1.5;0.0;19.3;19.8;69.0;0.0;0.0;0.0;0.0;0.0;0.0;0.0;0.0;0.0;0.0
['RIVAS FUTURA', 'RIVAS FUTURA', 'RIVAS FUTURA', 'RIVAS FUTURA', 'RIVAS FUTURA', 'RIVAS FUTURA', 'RIVAS FUTURA', 'RIVAS FUTURA', 'RIVAS FUTURA', 'RIVAS FUTURA', 'RIVAS FUTURA'] Equipo Rival;['Media Rival'];10.0;200.0;75.8;22.9;46.2;0.5;4.8;17.1;0.28;15.6;18.5;0.84;9.0;25.3;34.3;13.5;9.0;14.9;1.7;1.7;0.0;19.9;19.3;78.6;0.0;0.0;0.0;0.0;0.0;0.0;0.0;0.0;0.0;0.0
['RIVAS FUTURA', 'RIVAS FUTURA', 'RIVAS FUTURA', 'RIVAS FUTURA', 'RIVAS FUTURA', 'RIVAS FUTURA', 'RIVAS FUTURA', 'RIVAS FUTURA', 'RIVAS FUTURA', 'RIVAS FUTURA'] Equipo;['Media'];12.0;200.0;74.08;22.17;43.83;0.51;6.42;16.17;0.4;10.5;14.08;0.75;9.25;23.33;32.58;13.58;7.75;17.5;2.67;1.92;0.0;18.33;17.75;75.67;0.0;0.0;0.0;0.0;0.0;0.0;0.0;0.0;0.0;0.0
['RIVAS FUTURA', 'RIVAS FUTURA', 'RIVAS FUTURA', 'RIVAS FUTURA', 'RIVAS FUTURA', 'RIVAS FUTURA', 'RIVAS FUTURA', 'RIVAS FUTURA', 'RIVAS FUTURA', 'RIVAS FUTURA'] Equipo Rival;['Media Rival'];12.0;200.0;70.5;19.08;43.92;0.43;6.42;18.67;0.34;13.08;17.08;0.77;10.5;19.67;30.17;10.83;10.17;15.17;1.92;2.67;0.0;17.83;18.17;65.0;0.0;0.0;0.0;0.0;0.0;0.0;0.0;0.0;0.0;0.0
['RIVAS FUTURA', 'RIVAS FUTURA', 'RIVAS FUTURA', 'RIVAS FUTURA', 'RIVAS FUTURA', 'RIVAS FUTURA', 'RIVAS FUTURA', 'RIVAS FUTURA', 'RIVAS FUTURA'] Equipo;['Media'];2.0;200.0;76.5;22.0;40.5;0.54;7.0;18.0;0.39;11.5;15.0;0.77;6.0;22.5;28.5;11.5;5.5;11.5;1.0;0.0;0.0;19.0;15.5;75.0;0.0;0.0;0.0;0.0;0.0;0.0;0.0;0.0;0.0;0.0
['RIVAS FUTURA', 'RIVAS FUTURA', 'RIVAS FUTURA', 'RIVAS FUTURA', 'RIVAS FUTURA', 'RIVAS FUTURA', 'RIVAS FUTURA', 'RIVAS FUTURA', 'RIVAS FUTURA'] Equipo Rival;['Media Rival'];2.0;200.0;75.0;23.5;54.0;0.44;4.5;12.5;0.36;14.5;17.0;0.85;10.5;20.0;30.5;13.0;6.0;9.0;0.0;1.0;0.0;15.5;19.0;77.0;0.0;0.0;0.0;0.0;0.0;0.0;0.0;0.0;0.0;0.0
['UNIVERSITAT DE BARCELONA - F.C. BARCELONA', 'UNIVERSITAT DE BARCELONA - F.C. BARCELONA', 'UNIVERSITAT DE BARCELONA - F.C. BARCELONA', 'UNIVERSITAT DE BARCELONA - F.C. BARCELONA', 'UNIVERSITAT DE BARCELONA - F.C. BARCELONA', 'UNIVERSITAT DE BARCELONA - F.C. BARCELONA', 'UNIVERSITAT DE BARCELONA - F.C. BARCELONA', 'UNIVERSITAT DE BARCELONA - F.C. BARCELONA', 'UNIVERSITAT DE BARCELONA - F.C. BARCELONA', 'UNIVERSITAT DE BARCELONA - F.C. BARCELONA', 'UNIVERSITAT DE BARCELONA - F.C. BARCELONA'] Equipo;['Media'];12.0;200.0;77.17;23.08;46.67;0.49;5.67;17.33;0.33;14.0;20.75;0.67;12.42;27.75;40.17;15.17;11.5;15.67;4.08;1.92;0.0;17.92;19.25;89.83;0.0;0.0;0.0;0.0;0.0;0.0;0.0;0.0;0.0;0.0
['UNIVERSITAT DE BARCELONA - F.C. BARCELONA', 'UNIVERSITAT DE BARCELONA - F.C. BARCELONA', 'UNIVERSITAT DE BARCELONA - F.C. BARCELONA', 'UNIVERSITAT DE BARCELONA - F.C. BARCELONA', 'UNIVERSITAT DE BARCELONA - F.C. BARCELONA', 'UNIVERSITAT DE BARCELONA - F.C. BARCELONA', 'UNIVERSITAT DE BARCELONA - F.C. BARCELONA', 'UNIVERSITAT DE BARCELONA - F.C. BARCELONA', 'UNIVERSITAT DE BARCELONA - F.C. BARCELONA', 'UNIVERSITAT DE BARCELONA - F.C. BARCELONA', 'UNIVERSITAT DE BARCELONA - F.C. BARCELONA'] Equipo Rival;['Media Rival'];12.0;200.0;64.08;19.33;49.5;0.39;4.5;15.58;0.29;11.92;16.92;0.7;11.25;21.92;33.17;8.83;8.83;16.75;1.92;4.08;0.58;19.33;17.5;47.92;0.0;0.0;0.0;0.0;0.0;0.0;0.0;0.0;0.0;0.0
['UNIVERSITAT DE BARCELONA - F.C. BARCELONA', 'UNIVERSITAT DE BARCELONA - F.C. BARCELONA', 'UNIVERSITAT DE BARCELONA - F.C. BARCELONA', 'UNIVERSITAT DE BARCELONA - F.C. BARCELONA', 'UNIVERSITAT DE BARCELONA - F.C. BARCELONA', 'UNIVERSITAT DE BARCELONA - F.C. BARCELONA', 'UNIVERSITAT DE BARCELONA - F.C. BARCELONA', 'UNIVERSITAT DE BARCELONA - F.C. BARCELONA', 'UNIVERSITAT DE BARCELONA - F.C. BARCELONA', 'UNIVERSITAT DE BARCELONA - F.C. BARCELONA'] Equipo;['Media'];11.0;202.27;70.91;20.55;47.0;0.44;5.73;16.73;0.34;12.64;17.55;0.72;10.18;24.45;34.64;12.27;8.27;17.09;4.0;3.36;0.27;19.09;15.45;63.64;0.0;0.0;0.0;0.0;0.0;0.0;0.0;0.0;0.0;0.0
['UNIVERSITAT DE BARCELONA - F.C. BARCELONA', 'UNIVERSITAT DE BARCELONA - F.C. BARCELONA', 'UNIVERSITAT DE BARCELONA - F.C. BARCELONA', 'UNIVERSITAT DE BARCELONA - F.C. BARCELONA', 'UNIVERSITAT DE BARCELONA - F.C. BARCELONA', 'UNIVERSITAT DE BARCELONA - F.C. BARCELONA', 'UNIVERSITAT DE BARCELONA - F.C. BARCELONA', 'UNIVERSITAT DE BARCELONA - F.C. BARCELONA', 'UNIVERSITAT DE BARCELONA - F.C. BARCELONA', 'UNIVERSITAT DE BARCELONA - F.C. BARCELONA'] Equipo Rival;['Media Rival'];11.0;202.27;74.82;21.91;48.36;0.45;5.45;15.64;0.35;14.64;19.18;0.76;10.91;24.64;35.55;12.64;11.36;13.55;3.27;4.0;0.0;16.0;19.0;81.91;0.0;0.0;0.0;0.0;0.0;0.0;0.0;0.0;0.0;0.0
['UNIVERSITAT DE BARCELONA - F.C. BARCELONA', 'UNIVERSITAT DE BARCELONA - F.C. BARCELONA', 'UNIVERSITAT DE BARCELONA - F.C. BARCELONA', 'UNIVERSITAT DE BARCELONA - F.C. BARCELONA', 'UNIVERSITAT DE BARCELONA - F.C. BARCELONA', 'UNIVERSITAT DE BARCELONA - F.C. BARCELONA', 'UNIVERSITAT DE BARCELONA - F.C. BARCELONA', 'UNIVERSITAT DE BARCELONA - F.C. BARCELONA', 'UNIVERSITAT DE BARCELONA - F.C. BARCELONA'] Equipo;['Media'];3.0;200.0;73.67;23.0;49.33;0.47;5.0;14.67;0.34;12.67;16.67;0.76;12.67;24.67;37.33;12.67;9.0;14.0;5.33;2.67;0.0;19.33;16.33;78.33;0.0;0.0;0.0;0.0;0.0;0.0;0.0;0.0;0.0;0.0
['UNIVERSITAT DE BARCELONA - F.C. BARCELONA', 'UNIVERSITAT DE BARCELONA - F.C. BARCELONA', 'UNIVERSITAT DE BARCELONA - F.C. BARCELONA', 'UNIVERSITAT DE BARCELONA - F.C. BARCELONA', 'UNIVERSITAT DE BARCELONA - F.C. BARCELONA', 'UNIVERSITAT DE BARCELONA - F.C. BARCELONA', 'UNIVERSITAT DE BARCELONA - F.C. BARCELONA', 'UNIVERSITAT DE BARCELONA - F.C. BARCELONA', 'UNIVERSITAT DE BARCELONA - F.C. BARCELONA'] Equipo Rival;['Media Rival'];3.0;200.0;70.0;17.67;42.67;0.41;6.67;17.0;0.39;14.67;21.67;0.68;9.0;21.0;30.0;12.33;9.0;13.0;2.67;5.33;0.0;16.33;19.33;66.33;0.0;0.0;0.0;0.0;0.0;0.0;0.0;0.0;0.0;0.0
['USP-CEU MMT ESTUDIANTES', 'USP-CEU MMT ESTUDIANTES', 'USP-CEU MMT ESTUDIANTES', 'USP-CEU MMT ESTUDIANTES', 'USP-CEU MMT ESTUDIANTES', 'USP-CEU MMT ESTUDIANTES', 'USP-CEU MMT ESTUDIANTES', 'USP-CEU MMT ESTUDIANTES', 'USP-CEU MMT ESTUDIANTES', 'USP-CEU MMT ESTUDIANTES', 'USP-CEU MMT ESTUDIANTES', 'USP-CEU MMT ESTUDIANTES'] Equipo;['Media'];1.0;200.0;45.0;12.0;42.0;0.29;5.0;23.0;0.22;6.0;9.0;0.67;9.0;17.0;26.0;6.0;9.0;19.0;1.0;4.0;0.0;16.0;15.0;12.0;0.0;0.0;0.0;0.0;0.0;0.0;0.0;0.0;0.0;0.0
['USP-CEU MMT ESTUDIANTES', 'USP-CEU MMT ESTUDIANTES', 'USP-CEU MMT ESTUDIANTES', 'USP-CEU MMT ESTUDIANTES', 'USP-CEU MMT ESTUDIANTES', 'USP-CEU MMT ESTUDIANTES', 'USP-CEU MMT ESTUDIANTES', 'USP-CEU MMT ESTUDIANTES', 'USP-CEU MMT ESTUDIANTES', 'USP-CEU MMT ESTUDIANTES', 'USP-CEU MMT ESTUDIANTES', 'USP-CEU MMT ESTUDIANTES'] Equipo Rival;['Media Rival'];1.0;200.0;76.0;27.0;49.0;0.55;5.0;12.0;0.42;7.0;10.0;0.7;7.0;34.0;41.0;16.0;13.0;20.0;4.0;1.0;0.0;16.0;16.0;97.0;0.0;0.0;0.0;0.0;0.0;0.0;0.0;0.0;0.0;0.0
['USP-CEU MMT ESTUDIANTES', 'USP-CEU MMT ESTUDIANTES', 'USP-CEU MMT ESTUDIANTES', 'USP-CEU MMT ESTUDIANTES', 'USP-CEU MMT ESTUDIANTES', 'USP-CEU MMT ESTUDIANTES', 'USP-CEU MMT ESTUDIANTES', 'USP-CEU MMT ESTUDIANTES', 'USP-CEU MMT ESTUDIANTES', 'USP-CEU MMT ESTUDIANTES', 'USP-CEU MMT ESTUDIANTES'] Equipo;['Media'];6.0;200.0;61.17;17.0;38.5;0.44;5.0;18.67;0.27;12.17;17.5;0.7;7.83;20.67;28.5;8.5;7.17;17.0;1.33;3.67;0.0;17.33;17.33;45.5;0.0;0.0;0.0;0.0;0.0;0.0;0.0;0.0;0.0;0.0
['USP-CEU MMT ESTUDIANTES', 'USP-CEU MMT ESTUDIANTES', 'USP-CEU MMT ESTUDIANTES', 'USP-CEU MMT ESTUDIANTES', 'USP-CEU MMT ESTUDIANTES', 'USP-CEU MMT ESTUDIANTES', 'USP-CEU MMT ESTUDIANTES', 'USP-CEU MMT ESTUDIANTES', 'USP-CEU MMT ESTUDIANTES', 'USP-CEU MMT ESTUDIANTES', 'USP-CEU MMT ESTUDIANTES'] Equipo Rival;['Media Rival'];6.0;200.0;81.33;23.0;44.67;0.51;7.17;18.0;0.4;13.83;17.83;0.78;10.67;28.0;38.67;16.67;10.83;15.5;3.67;1.33;0.0;17.67;17.0;97.17;0.0;0.0;0.0;0.0;0.0;0.0;0.0;0.0;0.0;0.0
['USP-CEU MMT ESTUDIANTES', 'USP-CEU MMT ESTUDIANTES', 'USP-CEU MMT ESTUDIANTES', 'USP-CEU MMT ESTUDIANTES', 'USP-CEU MMT ESTUDIANTES', 'USP-CEU MMT ESTUDIANTES', 'USP-CEU MMT ESTUDIANTES', 'USP-CEU MMT ESTUDIANTES', 'USP-CEU MMT ESTUDIANTES', 'USP-CEU MMT ESTUDIANTES'] Equipo;['Media'];8.0;203.12;62.62;14.5;38.25;0.38;6.62;20.62;0.32;13.75;19.12;0.72;7.25;24.12;31.38;8.75;9.0;16.38;3.12;3.62;0.0;17.62;19.25;53.38;0.0;0.0;0.0;0.0;0.0;0.0;0.0;0.0;0.0;0.0
['USP-CEU MMT ESTUDIANTES', 'USP-CEU MMT ESTUDIANTES', 'USP-CEU MMT ESTUDIANTES', 'USP-CEU MMT ESTUDIANTES', 'USP-CEU MMT ESTUDIANTES', 'USP-CEU MMT ESTUDIANTES', 'USP-CEU MMT ESTUDIANTES', 'USP-CEU MMT ESTUDIANTES', 'USP-CEU MMT ESTUDIANTES', 'USP-CEU MMT ESTUDIANTES'] Equipo Rival;['Media Rival'];8.0;203.12;68.25;23.75;50.88;0.47;3.88;13.88;0.28;9.12;14.75;0.62;11.5;26.62;38.12;12.75;9.62;16.25;3.88;3.12;0.0;19.5;17.62;68.62;0.0;0.0;0.0;0.0;0.0;0.0;0.0;0.0;0.0;0.0
['USP-CEU MMT ESTUDIANTES', 'USP-CEU MMT ESTUDIANTES', 'USP-CEU MMT ESTUDIANTES', 'USP-CEU MMT ESTUDIANTES', 'USP-CEU MMT ESTUDIANTES', 'USP-CEU MMT ESTUDIANTES', 'USP-CEU MMT ESTUDIANTES', 'USP-CEU MMT ESTUDIANTES', 'USP-CEU MMT ESTUDIANTES'] Equipo;['Media'];8.0;200.0;66.75;15.75;40.25;0.39;8.0;23.25;0.34;11.25;16.0;0.7;11.75;20.38;32.12;11.0;8.12;14.75;1.62;3.12;0.0;17.88;16.62;56.0;0.0;0.0;0.0;0.0;0.0;0.0;0.0;0.0;0.0;0.0
['USP-CEU MMT ESTUDIANTES', 'USP-CEU MMT ESTUDIANTES', 'USP-CEU MMT ESTUDIANTES', 'USP-CEU MMT ESTUDIANTES', 'USP-CEU MMT ESTUDIANTES', 'USP-CEU MMT ESTUDIANTES', 'USP-CEU MMT ESTUDIANTES', 'USP-CEU MMT ESTUDIANTES', 'USP-CEU MMT ESTUDIANTES'] Equipo Rival;['Media Rival'];8.0;200.0;73.12;23.0;44.88;0.51;5.12;13.75;0.37;11.75;16.38;0.72;7.5;23.75;31.25;12.25;8.25;14.12;3.12;1.62;0.0;16.75;17.75;78.12;0.0;0.0;0.0;0.0;0.0;0.0;0.0;0.0;0.0;0.0
['USP-CEU MMT ESTUDIANTES', 'USP-CEU MMT ESTUDIANTES', 'USP-CEU MMT ESTUDIANTES', 'USP-CEU MMT ESTUDIANTES', 'USP-CEU MMT ESTUDIANTES', 'USP-CEU MMT ESTUDIANTES', 'USP-CEU MMT ESTUDIANTES', 'USP-CEU MMT ESTUDIANTES'] Equipo;['Media'];3.0;200.0;63.0;14.67;36.67;0.4;8.0;26.33;0.3;9.67;14.0;0.69;12.0;27.0;39.0;10.67;7.0;20.33;3.0;2.67;0.0;18.67;16.33;52.67;0.0;0.0;0.0;0.0;0.0;0.0;0.0;0.0;0.0;0.0
['USP-CEU MMT ESTUDIANTES', 'USP-CEU MMT ESTUDIANTES', 'USP-CEU MMT ESTUDIANTES', 'USP-CEU MMT ESTUDIANTES', 'USP-CEU MMT ESTUDIANTES', 'USP-CEU MMT ESTUDIANTES', 'USP-CEU MMT ESTUDIANTES', 'USP-CEU MMT ESTUDIANTES'] Equipo Rival;['Media Rival'];3.0;200.0;69.33;24.33;49.0;0.5;3.33;14.67;0.23;10.67;17.67;0.6;8.33;25.67;34.0;14.33;14.0;14.33;2.33;2.67;0.0;16.33;18.33;76.0;0.0;0.0;0.0;0.0;0.0;0.0;0.0;0.0;0.0;0.0
